timestamp,user_count,throughput_mbps,rsrp_dbm
2026-04-13 03:26:16.717418,52,215.486508779918,-92.66111068977463
2026-04-13 03:27:16.717417,49,179.67614869707052,-70.11270584388198
2026-04-13 03:28:16.717416,53,91.91834947082009,-87.63762860213592
2026-04-13 03:29:16.717414,58,185.7214789788896,-97.15351389456185
2026-04-13 03:30:16.717413,49,246.32622029535094,-101.19554696380987
2026-04-13 03:31:16.717412,50,238.13687788052283,-95.97917862855353
2026-04-13 03:32:16.717411,59,69.73692325635771,-95.09866904961797
2026-04-13 03:33:16.717410,55,92.37079885863122,-107.25145289104157
2026-04-13 03:34:16.717409,49,75.9591003742142,-95.21703202292908
2026-04-13 03:35:16.717408,55,214.98184868325296,-91.430459210431
2026-04-13 03:36:16.717407,50,214.83582947444282,-81.09048991044781
2026-04-13 03:37:16.717405,50,93.71961736624843,-83.73082061113568
2026-04-13 03:38:16.717404,54,164.31583419433395,-81.64937379083383
2026-04-13 03:39:16.717403,43,191.23097719279968,-109.66545272492571
2026-04-13 03:40:16.717402,45,177.0380144754623,-101.29330401677856
2026-04-13 03:41:16.717401,51,161.95563771042842,-83.53262846400574
2026-04-13 03:42:16.717400,49,165.09107690602846,-90.64042527281012
2026-04-13 03:43:16.717399,56,169.89878287942784,-109.78746097326616
2026-04-13 03:44:16.717397,50,109.85168463361978,-77.82021430272711
2026-04-13 03:45:16.717396,47,156.13643294833662,-79.0876170683865
2026-04-13 03:46:16.717395,62,234.87632603734056,-88.0632334802575
2026-04-13 03:47:16.717394,54,244.1741895865606,-107.34146696894912
2026-04-13 03:48:16.717393,56,198.76267623465313,-79.33939801869661
2026-04-13 03:49:16.717392,48,197.61924522172507,-86.65145649074545
2026-04-13 03:50:16.717391,53,87.78765660772521,-78.72160091368164
2026-04-13 03:51:16.717390,57,162.38379624482315,-79.93012030416638
2026-04-13 03:52:16.717388,50,52.90175487827484,-77.87991712168652
2026-04-13 03:53:16.717387,58,116.99097281125741,-89.27967734381501
2026-04-13 03:54:16.717386,54,211.92893088352784,-104.3870192722594
2026-04-13 03:55:16.717385,56,278.45372380478693,-83.15370106481245
2026-04-13 03:56:16.717384,54,76.48580081204909,-85.18104859792118
2026-04-13 03:57:16.717383,67,175.3405137847202,-80.30987251203652
2026-04-13 03:58:16.717382,58,244.4868924017859,-103.20475975797059
2026-04-13 03:59:16.717380,53,96.68718266143634,-102.20099200398843
2026-04-13 04:00:16.717379,62,202.52649647789065,-74.38361931122685
2026-04-13 04:01:16.717378,52,208.1084405606144,-80.00088806191717
2026-04-13 04:02:16.717377,60,208.94862930568112,-73.67086045198708
2026-04-13 04:03:16.717376,49,87.12692604490125,-79.65138715344317
2026-04-13 04:04:16.717375,53,128.66274773016391,-86.11378776038792
2026-04-13 04:05:16.717374,61,252.26669839193377,-83.83469051888505
2026-04-13 04:06:16.717372,63,205.75258848610127,-74.4348830423996
2026-04-13 04:07:16.717371,61,62.653815899579065,-86.84772981952239
2026-04-13 04:08:16.717370,60,243.36541400041654,-84.7043470268645
2026-04-13 04:09:16.717369,59,67.90044667419825,-103.74093135985598
2026-04-13 04:10:16.717368,53,214.49304361522863,-91.04315119535589
2026-04-13 04:11:16.717367,57,104.77430846022614,-81.34411552167604
2026-04-13 04:12:16.717366,59,287.16603974932053,-99.16229206734539
2026-04-13 04:13:16.717364,67,166.2407055436203,-101.9098327790186
2026-04-13 04:14:16.717363,63,147.5287250624259,-97.44692767102337
2026-04-13 04:15:16.717362,53,85.57538075726595,-100.33997488028666
2026-04-13 04:16:16.717361,64,142.91743098704458,-101.40349451854416
2026-04-13 04:17:16.717360,60,274.8951045003552,-93.00596628527651
2026-04-13 04:18:16.717359,59,297.99867339534535,-73.68645944465864
2026-04-13 04:19:16.717358,66,164.35395549112692,-89.71761413045127
2026-04-13 04:20:16.717356,68,192.2114406189876,-102.48318476738707
2026-04-13 04:21:16.717355,68,266.4163913362744,-106.92113322476504
2026-04-13 04:22:16.717354,59,272.2191203801102,-82.15375419448299
2026-04-13 04:23:16.717353,62,211.69791989848449,-94.68804942254448
2026-04-13 04:24:16.717352,66,169.90123960866435,-77.12676213658563
2026-04-13 04:25:16.717351,69,184.6323503353151,-83.6195692543692
2026-04-13 04:26:16.717350,62,236.83415460437564,-78.15034197834527
2026-04-13 04:27:16.717349,64,65.13525004923396,-99.12215842326205
2026-04-13 04:28:16.717347,59,208.45494691435744,-82.30564310155768
2026-04-13 04:29:16.717346,59,144.6006809710415,-99.43752061225125
2026-04-13 04:30:16.717345,69,292.25028399860923,-72.43726082198833
2026-04-13 04:31:16.717344,72,100.03001067892615,-84.54502873866502
2026-04-13 04:32:16.717343,65,221.24915276827727,-97.01952799298631
2026-04-13 04:33:16.717342,71,209.30951772712774,-99.21952550830909
2026-04-13 04:34:16.717341,68,244.8335012677803,-102.36293659713427
2026-04-13 04:35:16.717339,63,80.32158555255617,-82.21436164425089
2026-04-13 04:36:16.717338,69,229.1575331561899,-101.25137548008291
2026-04-13 04:37:16.717337,75,243.8406860026385,-86.18786936290044
2026-04-13 04:38:16.717336,67,218.7648078509933,-99.4145989229857
2026-04-13 04:39:16.717335,75,258.36292549049597,-83.52124220824525
2026-04-13 04:40:16.717334,54,203.6987080581261,-77.40241085837843
2026-04-13 04:41:16.717333,72,305.4538291545972,-78.87899027421388
2026-04-13 04:42:16.717332,68,143.2958034756073,-79.56594676276873
2026-04-13 04:43:16.717330,67,288.93614345077185,-102.49110377230991
2026-04-13 04:44:16.717329,69,207.5644552902259,-106.46460212061925
2026-04-13 04:45:16.717328,59,77.38930197864114,-82.04204686050457
2026-04-13 04:46:16.717325,68,84.16827009806191,-95.26611144822594
2026-04-13 04:47:16.717324,71,166.57851467230734,-92.7061509438661
2026-04-13 04:48:16.717323,77,319.0897754493583,-108.75403628826436
2026-04-13 04:49:16.717322,67,257.8021810533524,-99.61694202899804
2026-04-13 04:50:16.717321,66,274.3721802153173,-108.65294384502144
2026-04-13 04:51:16.717320,67,207.9922770136436,-74.83256909595009
2026-04-13 04:52:16.717319,75,207.19332590271952,-100.26413267125878
2026-04-13 04:53:16.717317,72,114.95260481262628,-87.70651321707967
2026-04-13 04:54:16.717316,68,157.73668123972175,-108.44082717355478
2026-04-13 04:55:16.717315,73,201.38942205643906,-83.32610434777368
2026-04-13 04:56:16.717314,71,97.12437217494036,-97.07890616983624
2026-04-13 04:57:16.717313,76,143.54104910562603,-74.08323252169336
2026-04-13 04:58:16.717312,68,230.99397841054974,-74.47527244263857
2026-04-13 04:59:16.717311,70,276.51620964656547,-96.9883752655301
2026-04-13 05:00:16.717309,69,349.496007615286,-73.96156417238129
2026-04-13 05:01:16.717308,64,306.7217442671847,-70.15369306004885
2026-04-13 05:02:16.717307,73,263.43750901263206,-76.98337343504207
2026-04-13 05:03:16.717306,73,198.1138623631588,-76.20514608979084
2026-04-13 05:04:16.717305,72,257.6243356764676,-100.0396505556364
2026-04-13 05:05:16.717304,71,296.82163345015846,-86.93190404568975
2026-04-13 05:06:16.717303,65,97.11724345003353,-107.30976344130528
2026-04-13 05:07:16.717301,71,187.5639604794938,-106.20328252713321
2026-04-13 05:08:16.717300,71,312.17377799324316,-70.04429551866838
2026-04-13 05:09:16.717299,69,176.15109928620524,-96.93443002296357
2026-04-13 05:10:16.717298,72,239.47891171657628,-80.07264351804615
2026-04-13 05:11:16.717297,75,254.12050891092667,-77.73339787892735
2026-04-13 05:12:16.717296,83,144.9440512209194,-75.67906915971083
2026-04-13 05:13:16.717295,75,183.67104642125432,-70.09486810391374
2026-04-13 05:14:16.717293,75,176.68561816089573,-100.34014058972528
2026-04-13 05:15:16.717292,74,81.82354699261786,-108.38596692561201
2026-04-13 05:16:16.717291,64,71.2812802044388,-93.55233928021656
2026-04-13 05:17:16.717290,74,322.7898591027372,-104.79677320684212
2026-04-13 05:18:16.717289,75,157.30552592753082,-109.1029644335178
2026-04-13 05:19:16.717288,87,268.34867479538485,-95.58292691434056
2026-04-13 05:20:16.717287,74,162.88282594927537,-78.65046995699055
2026-04-13 05:21:16.717286,76,365.8753255847874,-87.35277235099716
2026-04-13 05:22:16.717284,75,153.35752748424667,-97.48888043158584
2026-04-13 05:23:16.717283,69,189.61590510673642,-83.82631978029121
2026-04-13 05:24:16.717282,81,365.7414295906733,-100.71927278764757
2026-04-13 05:25:16.717281,79,347.75691183061633,-109.4247421571166
2026-04-13 05:26:16.717280,79,139.4597051554801,-79.42586454254291
2026-04-13 05:27:16.717279,71,301.36995490947044,-85.05027660543963
2026-04-13 05:28:16.717278,83,235.86395484735593,-79.50789501996161
2026-04-13 05:29:16.717276,69,203.37226515629618,-108.44247933249338
2026-04-13 05:30:16.717275,79,121.84431387740764,-76.51521488677392
2026-04-13 05:31:16.717274,87,115.80719280915146,-85.21895199854787
2026-04-13 05:32:16.717273,71,280.81688867072376,-87.4641859714944
2026-04-13 05:33:16.717272,74,221.03265242082176,-85.01543807541873
2026-04-13 05:34:16.717271,77,212.8475557904963,-75.42267012526543
2026-04-13 05:35:16.717270,74,292.1687946710617,-86.52253973764371
2026-04-13 05:36:16.717269,69,282.0928426921172,-86.76198480447283
2026-04-13 05:37:16.717267,77,127.00937576219494,-70.37283371736936
2026-04-13 05:38:16.717266,72,248.10477549921242,-79.73079331725728
2026-04-13 05:39:16.717265,79,123.14283172602708,-92.30824778195459
2026-04-13 05:40:16.717264,73,292.5118401091985,-81.7041199986829
2026-04-13 05:41:16.717263,85,310.08959211190677,-94.43078113232846
2026-04-13 05:42:16.717262,73,356.7163478420178,-100.84498150066004
2026-04-13 05:43:16.717261,76,97.36046055543949,-86.12592492448962
2026-04-13 05:44:16.717259,82,100.81710228551086,-72.87271607544194
2026-04-13 05:45:16.717258,71,153.17342461001175,-72.8344191993815
2026-04-13 05:46:16.717257,79,162.38832405344542,-96.3237888757804
2026-04-13 05:47:16.717256,84,168.62194670040205,-88.8929013511322
2026-04-13 05:48:16.717255,70,325.3077926497616,-101.53456405720556
2026-04-13 05:49:16.717254,79,158.61815396036818,-70.17475562004466
2026-04-13 05:50:16.717253,79,166.68818228805816,-70.75528368528256
2026-04-13 05:51:16.717252,82,333.21667749797484,-84.01964281170211
2026-04-13 05:52:16.717250,72,202.95854446467115,-77.82343761290107
2026-04-13 05:53:16.717249,72,296.3903651162318,-81.395993548652
2026-04-13 05:54:16.717248,81,102.75256217841316,-86.27367123842127
2026-04-13 05:55:16.717247,80,237.20605092358235,-107.8660801204441
2026-04-13 05:56:16.717246,80,91.0255469132075,-91.80942629789357
2026-04-13 05:57:16.717245,80,101.0289258085624,-83.00854791330357
2026-04-13 05:58:16.717244,75,350.2406168570267,-82.89873544465262
2026-04-13 05:59:16.717242,80,125.0861044434612,-95.07509526310466
2026-04-13 06:00:16.717241,80,252.5740157466485,-72.33232053367877
2026-04-13 06:01:16.717240,75,200.24113422419347,-103.30571871052877
2026-04-13 06:02:16.717239,88,211.88768511989076,-89.98562215137758
2026-04-13 06:03:16.717238,81,376.09938923816503,-82.3646409379671
2026-04-13 06:04:16.717237,73,79.91365326497836,-82.11456776432763
2026-04-13 06:05:16.717236,82,302.5947769767236,-84.05444172924737
2026-04-13 06:06:16.717234,74,362.44511614372067,-98.9884714619256
2026-04-13 06:07:16.717233,83,270.68954148055906,-103.75173725253512
2026-04-13 06:08:16.717232,85,405.5525423904368,-84.56238692693157
2026-04-13 06:09:16.717231,75,91.36824438403283,-86.02791535442249
2026-04-13 06:10:16.717230,84,226.1298836921759,-102.82575958843036
2026-04-13 06:11:16.717225,81,166.9463900165004,-81.79443417717746
2026-04-13 06:12:16.717224,83,329.12565926104975,-91.79312033065375
2026-04-13 06:13:16.717223,89,439.79245234475314,-83.28957633587387
2026-04-13 06:14:16.717222,78,159.27715365966787,-76.50531680919397
2026-04-13 06:15:16.717221,76,275.21677506513043,-103.21086285692307
2026-04-13 06:16:16.717220,75,135.2196417358144,-109.23420528012653
2026-04-13 06:17:16.717218,75,247.30888644888648,-78.83589654416852
2026-04-13 06:18:16.717217,79,227.1549820914714,-85.61210299389536
2026-04-13 06:19:16.717216,81,399.1152932956912,-82.01441721511513
2026-04-13 06:20:16.717215,81,279.34410158022365,-76.4738010004543
2026-04-13 06:21:16.717214,84,201.6948897675722,-77.88756260701999
2026-04-13 06:22:16.717213,80,116.58031677389064,-71.56319412284702
2026-04-13 06:23:16.717212,87,140.04832949104298,-88.56259684591527
2026-04-13 06:24:16.717211,78,149.57785426964023,-90.46017469360379
2026-04-13 06:25:16.717209,93,187.56185796208996,-93.9245120043708
2026-04-13 06:26:16.717208,83,365.9694504181008,-103.85235828623182
2026-04-13 06:27:16.717207,75,245.67967962934017,-87.09571068471911
2026-04-13 06:28:16.717206,74,230.90474198173197,-98.91949902696085
2026-04-13 06:29:16.717205,82,120.22955914764738,-73.14769951148098
2026-04-13 06:30:16.717204,78,350.1967809855273,-86.6723678289161
2026-04-13 06:31:16.717203,83,325.07548025334665,-86.2863927796756
2026-04-13 06:32:16.717202,82,104.60601122181902,-95.8030135649196
2026-04-13 06:33:16.717200,79,304.88965142883825,-107.9204259208917
2026-04-13 06:34:16.717199,75,240.25336878243965,-108.73024938508046
2026-04-13 06:35:16.717198,72,95.97552862103309,-93.0665942338721
2026-04-13 06:36:16.717197,77,219.99884118978133,-106.61738487611049
2026-04-13 06:37:16.717196,84,247.2709380592063,-85.72612177839443
2026-04-13 06:38:16.717195,80,134.5487225903532,-74.7610797744137
2026-04-13 06:39:16.717194,73,351.89141295826465,-74.68340733925112
2026-04-13 06:40:16.717192,80,354.7991118358388,-83.63818359471071
2026-04-13 06:41:16.717191,81,300.20887084559587,-101.55072674108276
2026-04-13 06:42:16.717190,75,214.49718411580577,-75.48012674564512
2026-04-13 06:43:16.717189,80,212.91322306684572,-74.55626258747168
2026-04-13 06:44:16.717188,79,288.0089168321613,-102.13385660188165
2026-04-13 06:45:16.717187,73,235.02695306134652,-80.50295656917291
2026-04-13 06:46:16.717186,81,101.58472624462787,-98.53921804291508
2026-04-13 06:47:16.717184,82,251.0002678663582,-77.8943875058828
2026-04-13 06:48:16.717183,84,358.57312487794303,-70.1104840038559
2026-04-13 06:49:16.717182,84,240.17519365837825,-108.79895978682428
2026-04-13 06:50:16.717181,72,87.50501394907471,-74.10536536836273
2026-04-13 06:51:16.717180,74,309.1908447087974,-85.09477865605368
2026-04-13 06:52:16.717179,81,147.68230225746748,-71.06469523340715
2026-04-13 06:53:16.717178,81,166.28079091575745,-91.3996192989429
2026-04-13 06:54:16.717177,81,135.48445339304462,-76.10448277714505
2026-04-13 06:55:16.717175,98,228.13718194326125,-107.5042372560689
2026-04-13 06:56:16.717174,81,329.49895734120315,-96.58883799686816
2026-04-13 06:57:16.717173,84,260.2877279730033,-107.3193384899516
2026-04-13 06:58:16.717172,83,152.10721191804976,-70.98627466083718
2026-04-13 06:59:16.717171,82,369.97571712298503,-77.32104370912653
2026-04-13 07:00:16.717170,77,348.36932135159464,-75.89810315016118
2026-04-13 07:01:16.717169,82,369.31830150924,-72.48139074264424
2026-04-13 07:02:16.717167,74,145.96510953124687,-106.59586055520859
2026-04-13 07:03:16.717166,77,216.6915547712818,-94.57609629946667
2026-04-13 07:04:16.717165,75,375.07032222422305,-107.15860443823992
2026-04-13 07:05:16.717164,78,321.6285144019533,-101.56827593799886
2026-04-13 07:06:16.717163,89,99.50350006065916,-100.8253689184931
2026-04-13 07:07:16.717162,68,86.68092689655015,-91.23571155809685
2026-04-13 07:08:16.717161,81,232.52520574907504,-99.25751330185429
2026-04-13 07:09:16.717160,69,323.812180928223,-105.96087572728956
2026-04-13 07:10:16.717158,75,238.00043524130402,-103.30035643623569
2026-04-13 07:11:16.717157,83,248.70882453311958,-104.10897745791637
2026-04-13 07:12:16.717156,77,110.79468872158833,-71.07692808350807
2026-04-13 07:13:16.717155,72,261.53926520399835,-79.62829972326105
2026-04-13 07:14:16.717154,73,316.54037681112163,-71.28954138921752
2026-04-13 07:15:16.717153,80,203.44794317912093,-92.41038053968366
2026-04-13 07:16:16.717152,73,301.6106608311235,-98.86526073349374
2026-04-13 07:17:16.717150,78,379.60523772510487,-78.06827211163252
2026-04-13 07:18:16.717149,77,140.07435004609647,-96.94984327835412
2026-04-13 07:19:16.717148,73,227.57880931914858,-98.02466505178607
2026-04-13 07:20:16.717147,87,187.84909418201215,-100.69976031168676
2026-04-13 07:21:16.717146,79,332.71290598011416,-104.81284087103059
2026-04-13 07:22:16.717145,66,219.61855273862565,-99.74147755932935
2026-04-13 07:23:16.717144,77,273.42861363414335,-95.78721006104449
2026-04-13 07:24:16.717143,72,305.6079825995818,-83.04023167417078
2026-04-13 07:25:16.717141,80,207.61852414188942,-107.49740631122194
2026-04-13 07:26:16.717140,71,335.5286923343685,-101.57972241338628
2026-04-13 07:27:16.717139,75,235.70080895117994,-77.63905438833294
2026-04-13 07:28:16.717138,78,127.636420624942,-104.12312305664916
2026-04-13 07:29:16.717137,79,302.2520511141574,-96.29419413909913
2026-04-13 07:30:16.717136,69,289.67782726634516,-75.4136431256744
2026-04-13 07:31:16.717135,73,166.86656263993248,-103.80298755426229
2026-04-13 07:32:16.717133,72,322.2378225270823,-106.6905265752724
2026-04-13 07:33:16.717132,71,331.6979530492501,-90.61848019679957
2026-04-13 07:34:16.717131,83,176.35101182334867,-97.90321954885854
2026-04-13 07:35:16.717128,76,378.55790783694835,-87.46366542064584
2026-04-13 07:36:16.717127,68,106.65490981258411,-77.84780438066099
2026-04-13 07:37:16.717126,78,142.81205295906227,-104.51406047389027
2026-04-13 07:38:16.717125,84,147.38340420805116,-86.7720366178286
2026-04-13 07:39:16.717124,79,362.6475973609348,-89.77964958440545
2026-04-13 07:40:16.717122,66,239.9427317196826,-104.23684855947202
2026-04-13 07:41:16.717121,71,114.76242725815123,-85.0400605788407
2026-04-13 07:42:16.717120,79,220.75486939403135,-99.05438328556913
2026-04-13 07:43:16.717119,69,241.9745783292296,-90.48662725823951
2026-04-13 07:44:16.717118,75,100.71136666803366,-106.70910702891753
2026-04-13 07:45:16.717117,76,348.7475831649112,-91.61663771145507
2026-04-13 07:46:16.717116,68,287.912957993201,-97.74146127828719
2026-04-13 07:47:16.717115,72,218.9606800265868,-77.10475155258582
2026-04-13 07:48:16.717113,56,274.60153640296807,-107.72085092010526
2026-04-13 07:49:16.717112,67,179.80132080834662,-93.2557090032668
2026-04-13 07:50:16.717111,70,350.48405856987375,-91.66274303474248
2026-04-13 07:51:16.717110,65,241.76839372851651,-80.99975694803526
2026-04-13 07:52:16.717109,80,283.34122223172955,-87.02849699639157
2026-04-13 07:53:16.717108,64,107.44457429647944,-83.31150651223275
2026-04-13 07:54:16.717107,69,313.9789806981503,-78.91802857392975
2026-04-13 07:55:16.717106,72,195.1627896976665,-75.51188105367245
2026-04-13 07:56:16.717104,78,129.2513443259348,-97.44498013110118
2026-04-13 07:57:16.717103,63,67.0308563459253,-88.47909178544388
2026-04-13 07:58:16.717102,76,248.17374296599408,-76.395676862432
2026-04-13 07:59:16.717101,70,219.7420997819927,-70.42195476139774
2026-04-13 08:00:16.717100,65,254.03238488197914,-74.41922755824947
2026-04-13 08:01:16.717099,72,330.8632452107754,-95.14130949502493
2026-04-13 08:02:16.717098,71,93.59346670641297,-102.19333931125398
2026-04-13 08:03:16.717096,66,262.4119020798586,-90.42429850373645
2026-04-13 08:04:16.717095,69,122.46236622019032,-80.33434192655831
2026-04-13 08:05:16.717094,67,299.2886934775456,-90.2972371698681
2026-04-13 08:06:16.717093,69,298.53455074751747,-90.67276546745326
2026-04-13 08:07:16.717092,72,228.86686202268504,-76.47078315672798
2026-04-13 08:08:16.717091,76,294.87057889445384,-95.54384883731254
2026-04-13 08:09:16.717090,62,140.96571960666714,-75.60821300753418
2026-04-13 08:10:16.717089,79,228.16098942831454,-93.72780796193106
2026-04-13 08:11:16.717087,58,250.5968912205774,-96.87067577286642
2026-04-13 08:12:16.717086,67,190.8035250286902,-91.84040355201205
2026-04-13 08:13:16.717085,70,171.99297781292063,-79.50212165300526
2026-04-13 08:14:16.717084,68,205.3910274127622,-104.95991888544023
2026-04-13 08:15:16.717083,64,277.1737160467126,-102.1432313651193
2026-04-13 08:16:16.717082,66,154.78386907126014,-71.94220697347632
2026-04-13 08:17:16.717081,64,109.30256524360281,-102.9803349047457
2026-04-13 08:18:16.717079,63,245.44785408927464,-87.29090728275781
2026-04-13 08:19:16.717078,70,304.5519441239908,-86.8274213335225
2026-04-13 08:20:16.717077,68,95.4847059145002,-90.41502151799021
2026-04-13 08:21:16.717076,62,122.68240696605045,-84.21019005692726
2026-04-13 08:22:16.717075,70,110.30073427352204,-100.80693096809526
2026-04-13 08:23:16.717074,67,160.64379561976673,-87.89350928893008
2026-04-13 08:24:16.717073,69,194.61060483303723,-95.11306979012411
2026-04-13 08:25:16.717072,68,272.9888250761969,-83.53330961483243
2026-04-13 08:26:16.717070,60,219.18696681163487,-104.35105826507402
2026-04-13 08:27:16.717069,61,215.72592357998917,-87.16490332642095
2026-04-13 08:28:16.717068,68,164.40662251712746,-102.58918578466705
2026-04-13 08:29:16.717067,67,293.896898532495,-98.85427747539855
2026-04-13 08:30:16.717066,63,184.4498097008148,-101.25160798705667
2026-04-13 08:31:16.717065,64,316.56754125783283,-102.68648880524732
2026-04-13 08:32:16.717064,69,247.41272273113074,-76.97156193757331
2026-04-13 08:33:16.717062,60,90.87255493300749,-98.57169729356438
2026-04-13 08:34:16.717061,65,243.90417291952318,-72.91504872542203
2026-04-13 08:35:16.717060,61,142.28902990756964,-71.20293898619236
2026-04-13 08:36:16.717059,61,230.48257551620455,-87.1495812025161
2026-04-13 08:37:16.717058,67,86.7930217019748,-104.27995509337094
2026-04-13 08:38:16.717057,66,112.63998469166906,-95.01807026481674
2026-04-13 08:39:16.717056,65,291.81634584027,-78.09070946607144
2026-04-13 08:40:16.717054,68,130.16832535858106,-95.30437085211719
2026-04-13 08:41:16.717053,61,267.5536721477921,-106.51931126788845
2026-04-13 08:42:16.717052,64,136.75358920841876,-87.72860356287248
2026-04-13 08:43:16.717051,59,212.11311025444977,-76.1951659401586
2026-04-13 08:44:16.717050,62,235.3496927242437,-78.1629445142599
2026-04-13 08:45:16.717049,59,182.43045104205666,-102.99507439478587
2026-04-13 08:46:16.717048,60,134.80912513919375,-83.08941542350134
2026-04-13 08:47:16.717047,62,116.46595040584452,-101.17982946257412
2026-04-13 08:48:16.717045,55,63.00457059748305,-101.2716986179131
2026-04-13 08:49:16.717044,69,154.93954114462824,-75.03712906779259
2026-04-13 08:50:16.717043,54,195.74913433367897,-100.01324189039079
2026-04-13 08:51:16.717042,52,251.41593571316093,-99.47010613927955
2026-04-13 08:52:16.717041,64,289.2930472940626,-109.97386436954801
2026-04-13 08:53:16.717040,62,253.69802516721168,-75.1732386349793
2026-04-13 08:54:16.717039,61,254.76162862382955,-78.2962074716346
2026-04-13 08:55:16.717038,61,223.6266451371546,-84.90684259637288
2026-04-13 08:56:16.717036,57,117.66261784468666,-79.9893694424463
2026-04-13 08:57:16.717035,52,245.1717264657822,-103.91805730302033
2026-04-13 08:58:16.717034,57,212.05591351675093,-91.66705621649697
2026-04-13 08:59:16.717033,53,173.62435585750254,-95.95122450604876
2026-04-13 09:00:16.717032,61,88.89713498328057,-106.24893894971935
2026-04-13 09:01:16.717029,55,155.29947440416598,-90.55478059140304
2026-04-13 09:02:16.717028,52,147.89675878146238,-73.17041398629459
2026-04-13 09:03:16.717027,54,242.14570423857577,-108.39763523797222
2026-04-13 09:04:16.717026,57,183.95739316600338,-98.34156346024824
2026-04-13 09:05:16.717024,52,132.60548540715027,-101.69836255177187
2026-04-13 09:06:16.717023,51,250.45087173728857,-100.47413385337215
2026-04-13 09:07:16.717022,56,80.9582049883961,-73.66261792482499
2026-04-13 09:08:16.717021,55,150.26454212970384,-91.2772378306284
2026-04-13 09:09:16.717020,51,60.55171337661325,-91.34802348240726
2026-04-13 09:10:16.717019,51,204.94189764594665,-79.57697430178871
2026-04-13 09:11:16.717017,55,257.04130784159236,-103.82031183980297
2026-04-13 09:12:16.717016,46,98.27564497316558,-90.50938583599796
2026-04-13 09:13:16.717015,46,205.2473474930448,-92.80059143515761
2026-04-13 09:14:16.717014,49,107.3172647866705,-86.12357237813376
2026-04-13 09:15:16.717013,51,240.25587679525236,-70.01769186998246
2026-04-13 09:16:16.717012,54,217.28052962661906,-79.22204423671812
2026-04-13 09:17:16.717011,59,251.77201623810555,-94.08537187930291
2026-04-13 09:18:16.717010,56,60.37341196694885,-76.89787790903813
2026-04-13 09:19:16.717008,50,247.25641091605834,-103.17166546750079
2026-04-13 09:20:16.717007,51,200.84527388999788,-108.78145254764159
2026-04-13 09:21:16.717006,46,102.58769606022823,-101.82206510142908
2026-04-13 09:22:16.717005,50,219.72023383946907,-96.38353775542961
2026-04-13 09:23:16.717004,49,104.76726361613865,-89.57676970161761
2026-04-13 09:24:16.717003,52,233.8563415483783,-85.39483437835202
2026-04-13 09:25:16.717002,46,66.80228954262823,-73.57577131142313
2026-04-13 09:26:16.717001,52,200.39321754158635,-89.6058396179817
2026-04-13 09:27:16.716999,57,181.34266121992064,-89.94897421497083
2026-04-13 09:28:16.716998,48,67.73609378454597,-107.99027960708071
2026-04-13 09:29:16.716997,51,100.655709961382,-108.60353789375105
2026-04-13 09:30:16.716996,52,54.93434266862622,-87.95360152334511
2026-04-13 09:31:16.716995,46,134.032910425018,-92.47285547006622
2026-04-13 09:32:16.716994,49,109.11500246362287,-76.43278420078806
2026-04-13 09:33:16.716993,48,163.44409853134755,-103.57281661152619
2026-04-13 09:34:16.716992,48,105.78961357672131,-109.00113351531802
2026-04-13 09:35:16.716990,43,96.15722454211821,-92.03844928279497
2026-04-13 09:36:16.716989,47,188.4716258225543,-100.5008577299097
2026-04-13 09:37:16.716988,49,59.088857561074796,-108.0154250664465
2026-04-13 09:38:16.716987,54,249.26772398922392,-81.01606852609484
2026-04-13 09:39:16.716986,51,226.32935028852185,-105.5362800017101
2026-04-13 09:40:16.716985,57,209.41478328842254,-85.66721999968914
2026-04-13 09:41:16.716984,42,142.26782378086665,-98.75800999332444
2026-04-13 09:42:16.716982,50,229.002776024187,-103.06015798579912
2026-04-13 09:43:16.716981,46,80.82271254329378,-94.8099390832273
2026-04-13 09:44:16.716980,56,73.93656883435511,-77.94216895108185
2026-04-13 09:45:16.716979,40,80.16039801402925,-94.3162569238171
2026-04-13 09:46:16.716978,40,169.32144126983033,-79.96921403155777
2026-04-13 09:47:16.716977,41,47.218633444153284,-104.98054812803397
2026-04-13 09:48:16.716976,33,111.88941709917587,-79.08914321339684
2026-04-13 09:49:16.716974,41,205.85548830471694,-100.52266700373406
2026-04-13 09:50:16.716973,39,176.4632049950151,-82.9042748044451
2026-04-13 09:51:16.716972,44,136.3620205059286,-87.36873780636014
2026-04-13 09:52:16.716971,44,56.319671484750835,-72.8342113115325
2026-04-13 09:53:16.716970,52,226.26248715946386,-94.50709928098743
2026-04-13 09:54:16.716969,47,161.05458452606064,-107.35339244662238
2026-04-13 09:55:16.716968,39,57.71135876409493,-109.23378057794989
2026-04-13 09:56:16.716967,37,51.819074777174315,-76.92565756108988
2026-04-13 09:57:16.716965,44,205.82874681375057,-89.01057449354272
2026-04-13 09:58:16.716964,35,128.91299191382703,-78.99023792660202
2026-04-13 09:59:16.716963,50,218.31080771339893,-100.62297599953942
2026-04-13 10:00:16.716962,47,212.50781438525578,-96.19665017947065
2026-04-13 10:01:16.716961,38,126.76475175891792,-108.79584511154724
2026-04-13 10:02:16.716960,32,98.52576211520447,-71.54030701703552
2026-04-13 10:03:16.716959,47,128.41503871563324,-83.28528373196747
2026-04-13 10:04:16.716957,39,89.78579096545165,-72.67179648962775
2026-04-13 10:05:16.716956,46,126.25723498140009,-99.3801437028371
2026-04-13 10:06:16.716955,31,129.82345082614881,-85.54145555097357
2026-04-13 10:07:16.716954,36,124.13751197176917,-82.8600012682945
2026-04-13 10:08:16.716953,39,179.1793375469157,-97.29801198969646
2026-04-13 10:09:16.716952,39,108.64344671010996,-76.07563059937479
2026-04-13 10:10:16.716951,36,124.94089741701731,-72.11354148399009
2026-04-13 10:11:16.716950,41,146.5286891716235,-74.60579529215983
2026-04-13 10:12:16.716948,32,110.67310093075275,-80.4373209624251
2026-04-13 10:13:16.716947,37,141.9720106442214,-98.90141281100183
2026-04-13 10:14:16.716946,38,74.73642985789498,-98.73535831577473
2026-04-13 10:15:16.716945,40,122.17253104273496,-71.46558718215849
2026-04-13 10:16:16.716944,40,57.82643758199494,-109.58862016257231
2026-04-13 10:17:16.716943,31,79.67941240088568,-81.35800107031422
2026-04-13 10:18:16.716942,29,85.89680400768422,-81.75015349778951
2026-04-13 10:19:16.716941,42,154.94889101402103,-85.0924183620081
2026-04-13 10:20:16.716939,37,182.35964779184678,-70.39564615652537
2026-04-13 10:21:16.716938,32,110.03403657303859,-97.52482256945099
2026-04-13 10:22:16.716937,43,173.30198843610827,-96.40112544827008
2026-04-13 10:23:16.716936,36,109.49820295269775,-106.84242388213778
2026-04-13 10:24:16.716935,41,146.00352697577188,-92.2880745382505
2026-04-13 10:25:16.716934,35,45.570560489315724,-99.55805895060608
2026-04-13 10:26:16.716931,45,91.2698871521355,-96.26453191289423
2026-04-13 10:27:16.716930,43,106.42476796103745,-76.61712838977489
2026-04-13 10:28:16.716928,33,96.05774165415565,-72.58061945890017
2026-04-13 10:29:16.716927,39,46.25996150175486,-102.57067711979258
2026-04-13 10:30:16.716926,37,58.13533346215181,-95.09964273786136
2026-04-13 10:31:16.716925,40,85.67899574685659,-72.85477751538423
2026-04-13 10:32:16.716924,28,140.58017240755365,-107.5276615724311
2026-04-13 10:33:16.716923,36,85.59154109378072,-106.30557887554485
2026-04-13 10:34:16.716921,38,112.59329528644665,-103.48836043175082
2026-04-13 10:35:16.716920,24,43.09277342875358,-86.19148663492501
2026-04-13 10:36:16.716919,26,92.3182846467236,-103.9811091597601
2026-04-13 10:37:16.716918,22,47.37721789349269,-71.27694474197065
2026-04-13 10:38:16.716917,30,56.58643816360585,-92.13141890965919
2026-04-13 10:39:16.716916,35,109.4045230514794,-89.93928158599334
2026-04-13 10:40:16.716915,39,40.261927561112145,-100.13365536778375
2026-04-13 10:41:16.716914,32,33.027281417100156,-91.16158990261066
2026-04-13 10:42:16.716912,39,74.32074703277608,-83.52345469451954
2026-04-13 10:43:16.716911,24,27.940307202710404,-79.9529145218383
2026-04-13 10:44:16.716910,22,32.28191498909526,-79.84527669160349
2026-04-13 10:45:16.716909,30,72.02555885692539,-86.88435549223647
2026-04-13 10:46:16.716908,32,137.15379159018894,-73.82560900024572
2026-04-13 10:47:16.716907,30,99.60646955479515,-77.30368610775562
2026-04-13 10:48:16.716906,19,60.770585924277675,-79.71807541205499
2026-04-13 10:49:16.716905,29,64.3827894910453,-107.77577913278158
2026-04-13 10:50:16.716903,23,110.34638454527851,-109.72488151121402
2026-04-13 10:51:16.716902,33,85.4604402526667,-101.50210891218109
2026-04-13 10:52:16.716901,31,42.22258450390207,-83.4590562434619
2026-04-13 10:53:16.716900,24,85.28830370775574,-93.55210044469817
2026-04-13 10:54:16.716899,26,38.61396680932388,-93.90374962802753
2026-04-13 10:55:16.716898,23,56.233037456680215,-74.61652447081545
2026-04-13 10:56:16.716897,28,86.08922814525268,-74.17748607472646
2026-04-13 10:57:16.716895,33,149.83983106767076,-73.63298943785657
2026-04-13 10:58:16.716894,23,69.69747794999775,-97.44487693939891
2026-04-13 10:59:16.716893,30,116.94633882760279,-82.35776749042952
2026-04-13 11:00:16.716892,25,126.03083996031398,-99.13467274902521
2026-04-13 11:01:16.716891,23,36.41157307024026,-102.375606677022
2026-04-13 11:02:16.716890,27,56.912543239629215,-102.61470170610524
2026-04-13 11:03:16.716889,22,57.496472431268465,-96.31569516545623
2026-04-13 11:04:16.716888,24,65.93560271076818,-92.80169520880713
2026-04-13 11:05:16.716886,21,55.90727692310655,-76.76203315779726
2026-04-13 11:06:16.716885,36,170.34749669235947,-105.20435626109152
2026-04-13 11:07:16.716884,26,104.01651039097976,-80.60296610420423
2026-04-13 11:08:16.716883,23,79.38776663531945,-88.74180343242779
2026-04-13 11:09:16.716882,27,61.61895562354704,-98.48218629296031
2026-04-13 11:10:16.716881,25,110.58391185299466,-90.28721661868701
2026-04-13 11:11:16.716880,25,120.71402729970427,-98.0023172089191
2026-04-13 11:12:16.716878,29,124.51969625104516,-86.15672179046776
2026-04-13 11:13:16.716877,29,29.806834557151955,-92.64624308579023
2026-04-13 11:14:16.716876,23,81.64478469739412,-103.42377883684485
2026-04-13 11:15:16.716875,22,27.28044818806106,-105.33667701777213
2026-04-13 11:16:16.716874,24,48.732800364386364,-88.1321727171148
2026-04-13 11:17:16.716873,13,16.98445509065737,-73.90347866855586
2026-04-13 11:18:16.716871,17,59.78275982128705,-96.24169253769259
2026-04-13 11:19:16.716870,31,119.0233578696268,-80.67999571109507
2026-04-13 11:20:16.716869,33,48.13840476024501,-83.65354580240933
2026-04-13 11:21:16.716860,23,59.344431592320845,-72.73780342762076
2026-04-13 11:22:16.716859,27,77.39097102909797,-77.16075930803436
2026-04-13 11:23:16.716858,25,64.2126609022871,-87.33578964378148
2026-04-13 11:24:16.716857,39,58.82186390140274,-83.71878007063572
2026-04-13 11:25:16.716855,29,79.48405358032852,-74.0645413366386
2026-04-13 11:26:16.716854,23,93.45435018781879,-94.0192486165226
2026-04-13 11:27:16.716853,19,24.4847267816224,-96.9282117656889
2026-04-13 11:28:16.716852,15,20.717839566413485,-109.56755665459215
2026-04-13 11:29:16.716851,24,59.53607755700751,-76.93795703234143
2026-04-13 11:30:16.716850,19,93.85361196213847,-77.96077198386541
2026-04-13 11:31:16.716849,16,59.662316372744606,-105.82181927599395
2026-04-13 11:32:16.716847,19,74.28213585381879,-86.92570475469199
2026-04-13 11:33:16.716846,17,43.33571572577607,-91.44073207332451
2026-04-13 11:34:16.716845,31,106.07544614672956,-105.25163617963554
2026-04-13 11:35:16.716844,27,28.398478877255265,-70.77727091757106
2026-04-13 11:36:16.716843,22,80.57572046295842,-101.41216450146578
2026-04-13 11:37:16.716842,30,139.8920480027298,-107.31063279637755
2026-04-13 11:38:16.716841,22,79.16420764243348,-86.20610481992361
2026-04-13 11:39:16.716840,18,81.56314588898194,-80.44533291467869
2026-04-13 11:40:16.716838,29,116.74228875146248,-108.70226215811252
2026-04-13 11:41:16.716837,24,36.97257894990776,-83.65129445091911
2026-04-13 11:42:16.716836,16,78.20352558761027,-88.70832496194183
2026-04-13 11:43:16.716835,21,26.711363347633842,-105.86939964499807
2026-04-13 11:44:16.716834,17,55.13535017027014,-103.09904492214552
2026-04-13 11:45:16.716833,14,23.456342764639096,-87.28102810735678
2026-04-13 11:46:16.716832,26,27.64577210465796,-98.14569545946847
2026-04-13 11:47:16.716830,31,83.97079725989458,-72.46737085394736
2026-04-13 11:48:16.716829,14,31.85654439164283,-77.25039082063796
2026-04-13 11:49:16.716828,24,71.64591477519338,-70.65731173945348
2026-04-13 11:50:16.716827,18,60.176773860137956,-99.61316644198344
2026-04-13 11:51:16.716824,18,22.236484048822938,-71.21105468808092
2026-04-13 11:52:16.716823,18,27.336826415583946,-92.75064520833769
2026-04-13 11:53:16.716822,16,54.629916094062146,-96.09924818744982
2026-04-13 11:54:16.716821,21,50.72629451040778,-107.98601892122588
2026-04-13 11:55:16.716820,16,66.2380567837127,-107.8893896856159
2026-04-13 11:56:16.716819,22,80.66715955846044,-82.31954976213382
2026-04-13 11:57:16.716817,20,90.63383878163334,-91.68284022263889
2026-04-13 11:58:16.716816,19,74.1703912397081,-100.93913495855577
2026-04-13 11:59:16.716815,16,44.24838501432517,-85.44118774699069
2026-04-13 12:00:16.716814,17,65.95204806826183,-99.88567526999555
2026-04-13 12:01:16.716813,24,51.41997923996982,-86.8947298262231
2026-04-13 12:02:16.716812,23,51.49412108410731,-95.63165012069238
2026-04-13 12:03:16.716811,15,65.23112435207511,-77.05791093552725
2026-04-13 12:04:16.716809,21,58.58283595865062,-77.17215356932883
2026-04-13 12:05:16.716808,24,101.66029847219073,-90.90598407510394
2026-04-13 12:06:16.716807,12,51.87289886594527,-95.96723562659938
2026-04-13 12:07:16.716806,23,102.39518532777032,-95.49760813763622
2026-04-13 12:08:16.716805,17,79.52496562670923,-77.77141897327128
2026-04-13 12:09:16.716804,23,63.109903833812474,-96.87282068809552
2026-04-13 12:10:16.716803,16,37.45998126868565,-101.63762505172616
2026-04-13 12:11:16.716801,11,37.34883788598063,-106.61246632498772
2026-04-13 12:12:16.716800,12,30.001118277112095,-91.33227516462367
2026-04-13 12:13:16.716799,20,69.52447888856221,-90.71471604320632
2026-04-13 12:14:16.716798,21,82.00099254460432,-76.36365158388372
2026-04-13 12:15:16.716797,15,58.584476061281094,-101.15045214215743
2026-04-13 12:16:16.716796,23,58.20551073071533,-94.76034905326401
2026-04-13 12:17:16.716795,11,19.638209342798078,-77.66377044425236
2026-04-13 12:18:16.716794,19,53.7239359449381,-77.05505557004106
2026-04-13 12:19:16.716792,13,21.97759550189127,-94.61555696084928
2026-04-13 12:20:16.716791,16,76.50965922856182,-91.63503906853276
2026-04-13 12:21:16.716790,20,48.2933865822653,-97.86856436602868
2026-04-13 12:22:16.716789,15,25.421045022837212,-72.69780486322752
2026-04-13 12:23:16.716788,18,19.926005696440075,-105.2542493703368
2026-04-13 12:24:16.716787,25,89.70580699132172,-72.6500230799412
2026-04-13 12:25:16.716786,17,60.72083587662896,-82.64534192658627
2026-04-13 12:26:16.716785,24,57.11997821519114,-88.73711389253074
2026-04-13 12:27:16.716783,14,18.470931608946962,-108.69363756862016
2026-04-13 12:28:16.716782,22,59.77681844457374,-90.97615232711966
2026-04-13 12:29:16.716781,27,61.10731824599069,-93.6900757998907
2026-04-13 12:30:16.716780,7,28.42058603055783,-103.5512475209951
2026-04-13 12:31:16.716779,16,54.93611818635947,-83.74361585997372
2026-04-13 12:32:16.716778,22,56.375054222268574,-71.15396370526857
2026-04-13 12:33:16.716777,19,35.64774026951391,-87.512447557419
2026-04-13 12:34:16.716776,21,108.62986986166689,-81.40986894224217
2026-04-13 12:35:16.716774,17,48.0989573595762,-107.26198189735933
2026-04-13 12:36:16.716773,20,77.14864283278804,-93.29332016732022
2026-04-13 12:37:16.716772,19,30.259266804802,-105.34566059342016
2026-04-13 12:38:16.716771,26,76.5422804861279,-85.48816657853959
2026-04-13 12:39:16.716770,21,23.842075341780333,-72.46071367143381
2026-04-13 12:40:16.716769,21,66.25063377136304,-83.52889070113446
2026-04-13 12:41:16.716768,18,88.4320253826263,-106.92787806742314
2026-04-13 12:42:16.716766,17,45.32846250197939,-95.81335180059669
2026-04-13 12:43:16.716765,18,21.017964197652553,-87.97346482236594
2026-04-13 12:44:16.716764,22,25.126057305978776,-93.87168975466992
2026-04-13 12:45:16.716763,18,46.7605118178606,-76.6542395809931
2026-04-13 12:46:16.716762,21,35.955092562889,-77.41315981160042
2026-04-13 12:47:16.716761,30,33.78427120134797,-85.52675919587114
2026-04-13 12:48:16.716760,24,100.32548777915527,-95.0616821946918
2026-04-13 12:49:16.716759,18,53.82715403542363,-99.78654504947023
2026-04-13 12:50:16.716757,26,57.554989806048695,-105.76502727147482
2026-04-13 12:51:16.716756,18,85.99476919787385,-95.80409266053783
2026-04-13 12:52:16.716755,10,15.526651990048723,-93.47309931169121
2026-04-13 12:53:16.716754,15,76.2754480054561,-82.96708299583706
2026-04-13 12:54:16.716753,11,26.083101426241534,-83.67360702809705
2026-04-13 12:55:16.716752,19,87.53912283862675,-107.19567441434972
2026-04-13 12:56:16.716751,21,72.12938714067695,-94.18962738275368
2026-04-13 12:57:16.716750,29,127.05666988677329,-102.72884531130552
2026-04-13 12:58:16.716748,22,112.66857854209572,-103.72749178732778
2026-04-13 12:59:16.716747,20,43.43787574880603,-76.90791401051015
2026-04-13 13:00:16.716746,25,123.48054796704868,-108.3233913313497
2026-04-13 13:01:16.716745,10,26.511501834988394,-93.23268496391515
2026-04-13 13:02:16.716744,22,57.65093010966064,-103.27185376933927
2026-04-13 13:03:16.716743,25,60.07330313270192,-74.82679137286104
2026-04-13 13:04:16.716742,14,45.19229075406256,-87.71837946899859
2026-04-13 13:05:16.716740,27,44.415317793669345,-100.74477454492607
2026-04-13 13:06:16.716739,23,75.67094017227187,-89.90290851334494
2026-04-13 13:07:16.716738,19,62.8948885396299,-80.74054561187538
2026-04-13 13:08:16.716737,25,101.97791191839428,-71.67527964322265
2026-04-13 13:09:16.716736,33,145.12233770379098,-101.18215983018324
2026-04-13 13:10:16.716735,23,63.890104115255895,-74.55272911482619
2026-04-13 13:11:16.716734,23,52.064302427638246,-72.62783543330039
2026-04-13 13:12:16.716732,20,41.01140298323851,-73.34317821871736
2026-04-13 13:13:16.716731,18,32.51397896705386,-84.58342572552361
2026-04-13 13:14:16.716730,26,32.966284860674016,-84.80717382261169
2026-04-13 13:15:16.716727,18,43.75904744099343,-93.87157467264709
2026-04-13 13:16:16.716726,23,48.30840100429917,-79.90408470784848
2026-04-13 13:17:16.716725,20,100.13848252164786,-88.74823926596272
2026-04-13 13:18:16.716724,25,82.31672579681296,-82.90247715086822
2026-04-13 13:19:16.716722,24,59.413754529348715,-92.86168384604818
2026-04-13 13:20:16.716721,28,94.69569207253015,-80.74014143827443
2026-04-13 13:21:16.716720,20,32.520887266174775,-77.02113929581805
2026-04-13 13:22:16.716719,22,61.66794084477499,-104.14254973588736
2026-04-13 13:23:16.716718,18,65.8706221061704,-76.68281137703087
2026-04-13 13:24:16.716717,21,63.81966909609316,-88.3881387283877
2026-04-13 13:25:16.716716,25,67.34091636536624,-76.21336363639102
2026-04-13 13:26:16.716714,27,138.60915212354772,-92.74793174635941
2026-04-13 13:27:16.716713,19,88.59843310629753,-94.8383805846786
2026-04-13 13:28:16.716712,28,100.23063608376656,-73.3975706993111
2026-04-13 13:29:16.716711,31,102.44339464025379,-99.95322929806395
2026-04-13 13:30:16.716710,26,92.93128087149111,-76.23150698855427
2026-04-13 13:31:16.716709,34,61.63397169963763,-90.63917709962384
2026-04-13 13:32:16.716708,21,54.27196348540284,-89.43618229794961
2026-04-13 13:33:16.716706,18,21.79198745170475,-97.66126874042064
2026-04-13 13:34:16.716705,16,47.297751965750315,-87.07831197523937
2026-04-13 13:35:16.716704,32,104.10623744782103,-96.99155214895154
2026-04-13 13:36:16.716703,28,54.96241154796963,-108.4292234303339
2026-04-13 13:37:16.716702,25,123.16725529368226,-99.12005578622576
2026-04-13 13:38:16.716701,27,126.12521994778564,-109.74483826373637
2026-04-13 13:39:16.716700,20,79.0288383775327,-70.86580851772572
2026-04-13 13:40:16.716699,38,120.13104485428299,-71.3701116072101
2026-04-13 13:41:16.716697,26,120.57043258003745,-94.1937881011078
2026-04-13 13:42:16.716696,26,41.073626094313774,-80.86516582641416
2026-04-13 13:43:16.716695,30,125.77944993604802,-96.167756063583
2026-04-13 13:44:16.716694,29,43.721480113153376,-83.15627371656096
2026-04-13 13:45:16.716693,28,117.12901757983094,-77.78279827816084
2026-04-13 13:46:16.716692,23,48.66286217325036,-72.12975021231037
2026-04-13 13:47:16.716691,29,133.5318252692957,-93.99150896601313
2026-04-13 13:48:16.716689,36,175.96950108846642,-78.66808068175808
2026-04-13 13:49:16.716688,34,54.76855247346188,-99.36286197471524
2026-04-13 13:50:16.716687,35,101.90608634125236,-70.38670784825408
2026-04-13 13:51:16.716686,25,125.08101971134278,-108.96921604942595
2026-04-13 13:52:16.716685,23,68.02851203298667,-85.85884773995517
2026-04-13 13:53:16.716684,27,123.32989891704743,-83.61976073394692
2026-04-13 13:54:16.716683,28,96.54790743596577,-82.47817771703484
2026-04-13 13:55:16.716682,34,85.42959062859025,-105.18449684843644
2026-04-13 13:56:16.716680,20,43.732099079109915,-72.45880866107478
2026-04-13 13:57:16.716679,36,66.53769593681807,-102.7526688379967
2026-04-13 13:58:16.716678,28,115.15506893651903,-85.08986387040636
2026-04-13 13:59:16.716677,27,69.50677416767971,-101.0929568350766
2026-04-13 14:00:16.716676,24,74.79999145464565,-97.71134331914917
2026-04-13 14:01:16.716675,21,63.968667577139676,-88.14165833087503
2026-04-13 14:02:16.716674,34,112.9337528849385,-93.31226325741694
2026-04-13 14:03:16.716672,30,136.434786983491,-103.59097596093974
2026-04-13 14:04:16.716671,23,117.93521650952238,-103.16254390316607
2026-04-13 14:05:16.716670,24,63.46926804427954,-93.27420847348802
2026-04-13 14:06:16.716669,29,125.53866295348757,-79.70868086897997
2026-04-13 14:07:16.716668,39,159.69840419537888,-74.08141412608846
2026-04-13 14:08:16.716667,29,98.53802264613043,-106.63489350962469
2026-04-13 14:09:16.716666,23,115.30070670148905,-94.27584369762396
2026-04-13 14:10:16.716665,30,54.766722897398566,-105.99017745108493
2026-04-13 14:11:16.716663,30,43.78248807128875,-109.33630077469608
2026-04-13 14:12:16.716662,18,81.936570375872,-83.53125269424174
2026-04-13 14:13:16.716661,31,88.15218778995279,-85.90202232133649
2026-04-13 14:14:16.716660,31,137.37245302107655,-103.47923544740455
2026-04-13 14:15:16.716659,36,165.31920750372404,-100.64748667627744
2026-04-13 14:16:16.716658,42,52.660965436462334,-109.05168985421926
2026-04-13 14:17:16.716657,38,175.63434375694993,-76.60211177222385
2026-04-13 14:18:16.716655,31,89.32405794205005,-71.01237615805795
2026-04-13 14:19:16.716654,28,85.19416312971615,-104.58161852821237
2026-04-13 14:20:16.716653,46,163.4934231905574,-100.74099144938808
2026-04-13 14:21:16.716652,34,161.29491868788085,-75.26361904212264
2026-04-13 14:22:16.716651,34,36.89410077022428,-72.94144808175261
2026-04-13 14:23:16.716650,34,99.74169669896509,-93.21490468772758
2026-04-13 14:24:16.716649,35,133.6892183145229,-107.97510110923703
2026-04-13 14:25:16.716647,34,132.8930592226966,-108.42432665228722
2026-04-13 14:26:16.716646,32,121.53313892757217,-87.04200535723959
2026-04-13 14:27:16.716645,32,50.126931710722474,-94.28419564427284
2026-04-13 14:28:16.716644,35,77.7887015288404,-108.85390289689381
2026-04-13 14:29:16.716643,33,80.53119446150465,-86.66990430749773
2026-04-13 14:30:16.716642,32,136.90138022432052,-109.5478985364391
2026-04-13 14:31:16.716641,36,77.80621065340887,-78.50512167402908
2026-04-13 14:32:16.716640,35,64.89208119938512,-97.74268709186514
2026-04-13 14:33:16.716638,44,213.6832279149877,-108.38967987963072
2026-04-13 14:34:16.716637,23,24.543713172995982,-86.46591116067387
2026-04-13 14:35:16.716636,42,212.88903385387437,-94.09262342267782
2026-04-13 14:36:16.716635,43,161.8691768030757,-71.04798346571403
2026-04-13 14:37:16.716634,27,117.7836816268697,-88.23205349985192
2026-04-13 14:38:16.716633,36,78.85272354129802,-98.99043275851967
2026-04-13 14:39:16.716632,36,38.37086839626393,-81.622445414641
2026-04-13 14:40:16.716630,31,123.89258580082537,-99.14031989829155
2026-04-13 14:41:16.716628,34,150.66992914235988,-73.8302683436974
2026-04-13 14:42:16.716627,33,132.0227324451634,-95.01112117970494
2026-04-13 14:43:16.716625,47,75.24026638161727,-88.0052574889518
2026-04-13 14:44:16.716624,44,176.77430142820413,-107.97707584703085
2026-04-13 14:45:16.716623,45,187.34872577434905,-92.95515048191078
2026-04-13 14:46:16.716622,43,157.95556697042005,-76.7054584135602
2026-04-13 14:47:16.716621,34,140.050890430242,-77.77404778546632
2026-04-13 14:48:16.716620,37,165.3866205228183,-101.02725764585895
2026-04-13 14:49:16.716619,43,148.69760993326778,-100.95683715957749
2026-04-13 14:50:16.716617,34,47.04882850264054,-77.30778751147054
2026-04-13 14:51:16.716616,44,131.77794813805787,-72.78406319322698
2026-04-13 14:52:16.716615,40,52.61609137504869,-106.18556314907985
2026-04-13 14:53:16.716614,39,104.48450594964032,-91.99765442295099
2026-04-13 14:54:16.716613,45,119.34649511399732,-96.50182884143084
2026-04-13 14:55:16.716612,44,56.028579167465864,-75.17246178170242
2026-04-13 14:56:16.716611,40,97.13329130564726,-106.65900341279925
2026-04-13 14:57:16.716609,48,69.89937572493879,-101.5549622976785
2026-04-13 14:58:16.716608,37,158.56277627224935,-79.90126649654023
2026-04-13 14:59:16.716607,46,221.32782975638366,-107.94824604075137
2026-04-13 15:00:16.716606,46,59.744657223077326,-90.29858477142844
2026-04-13 15:01:16.716605,42,202.8574375245346,-92.3157186128112
2026-04-13 15:02:16.716604,45,140.66217728771335,-96.62395284045006
2026-04-13 15:03:16.716603,37,83.2871350920279,-94.21710738724305
2026-04-13 15:04:16.716602,49,64.09186251166363,-88.80237652279068
2026-04-13 15:05:16.716600,43,131.30974450709297,-103.54530566446468
2026-04-13 15:06:16.716599,42,176.74207166581243,-87.12016486865629
2026-04-13 15:07:16.716598,50,193.02308452486176,-77.78270682800056
2026-04-13 15:08:16.716597,41,50.331609746942156,-79.59356280839364
2026-04-13 15:09:16.716596,38,49.92055151590393,-103.84400381224906
2026-04-13 15:10:16.716595,38,99.67685928191707,-104.03002121034105
2026-04-13 15:11:16.716594,49,107.40360845320792,-99.27302529020346
2026-04-13 15:12:16.716592,40,77.31519371788188,-95.55701094635852
2026-04-13 15:13:16.716591,55,117.89511425640492,-93.6617767436607
2026-04-13 15:14:16.716590,36,154.15667525481436,-82.81211132666618
2026-04-13 15:15:16.716589,55,262.89866367097767,-107.73278271336659
2026-04-13 15:16:16.716588,48,127.27104212951255,-108.61309183095734
2026-04-13 15:17:16.716587,47,218.6975300261484,-94.32357748224364
2026-04-13 15:18:16.716586,45,103.58233656385816,-82.11345231448078
2026-04-13 15:19:16.716585,50,146.14086278526977,-102.2625862817407
2026-04-13 15:20:16.716583,48,92.1049146104411,-84.33982074974993
2026-04-13 15:21:16.716582,54,193.54638140585777,-99.60687448238802
2026-04-13 15:22:16.716581,49,244.09701596944154,-74.55655564745935
2026-04-13 15:23:16.716580,50,171.02843466835978,-74.17240222933535
2026-04-13 15:24:16.716579,47,116.1872560565074,-98.10851182874694
2026-04-13 15:25:16.716578,49,178.0705324059555,-100.80024984147038
2026-04-13 15:26:16.716577,51,77.07524446462078,-93.54784111735074
2026-04-13 15:27:16.716575,41,190.57563393494354,-100.37873659279406
2026-04-13 15:28:16.716574,43,132.28363662206283,-83.10464626833186
2026-04-13 15:29:16.716573,54,152.83061205744858,-76.95741261806859
2026-04-13 15:30:16.716572,52,173.9700086181054,-83.07631476355132
2026-04-13 15:31:16.716571,50,176.77781587706605,-77.02598211002602
2026-04-13 15:32:16.716570,51,66.66439682994051,-94.12031351170103
2026-04-13 15:33:16.716569,53,200.33126735244704,-103.74732117164557
2026-04-13 15:34:16.716568,49,97.45363057973533,-80.48196210409631
2026-04-13 15:35:16.716566,48,187.37097275955597,-95.58101979433785
2026-04-13 15:36:16.716565,53,230.49277722102687,-83.1491669908347
2026-04-13 15:37:16.716564,48,202.8484784545856,-99.17424232072938
2026-04-13 15:38:16.716563,55,177.5438073864074,-106.75081460773309
2026-04-13 15:39:16.716562,45,138.6787715053104,-70.29672818048947
2026-04-13 15:40:16.716561,58,92.6155799033622,-103.75193968277603
2026-04-13 15:41:16.716560,56,231.36447606877908,-70.46316024146076
2026-04-13 15:42:16.716558,55,115.93620606350697,-70.90880269734211
2026-04-13 15:43:16.716557,59,177.6546806662397,-78.24727584367841
2026-04-13 15:44:16.716556,63,134.96398545512503,-83.6230815167201
2026-04-13 15:45:16.716555,60,92.3580578193754,-86.88771798995661
2026-04-13 15:46:16.716554,46,162.32274321902068,-75.35593818488661
2026-04-13 15:47:16.716553,49,59.894588444374804,-98.42241913522048
2026-04-13 15:48:16.716552,52,210.6447646054118,-91.29275150060492
2026-04-13 15:49:16.716551,56,127.69316511322987,-85.22440122533993
2026-04-13 15:50:16.716549,58,58.989745939966376,-93.55238096522035
2026-04-13 15:51:16.716548,52,161.3494181892341,-92.90054183638928
2026-04-13 15:52:16.716547,57,68.64942414207079,-96.78861329991662
2026-04-13 15:53:16.716546,53,112.30251917096341,-87.43072733261856
2026-04-13 15:54:16.716545,54,207.977920706072,-75.97701887939536
2026-04-13 15:55:16.716544,50,63.300815650799954,-101.93886487974748
2026-04-13 15:56:16.716543,53,232.1603579992683,-72.62267844986235
2026-04-13 15:57:16.716542,51,52.17553397477838,-82.43649385007082
2026-04-13 15:58:16.716540,53,106.36240001972358,-77.0690714927988
2026-04-13 15:59:16.716539,63,253.35408336760395,-87.75237229479953
2026-04-13 16:00:16.716538,54,122.6659991341845,-78.81933194303747
2026-04-13 16:01:16.716537,72,101.78697080169496,-109.35198410642131
2026-04-13 16:02:16.716536,61,151.0153444402255,-77.2647830088186
2026-04-13 16:03:16.716535,60,126.088846803183,-108.39444563658535
2026-04-13 16:04:16.716534,55,243.04335433529667,-74.4034649454855
2026-04-13 16:05:16.716532,63,143.41894759954067,-70.32149011045428
2026-04-13 16:06:16.716530,57,239.0053141643963,-98.2373015129289
2026-04-13 16:07:16.716529,61,279.7396760656206,-101.58725774856825
2026-04-13 16:08:16.716527,73,201.53677563148685,-79.38546544567836
2026-04-13 16:09:16.716526,60,281.37331880802094,-99.87894636318987
2026-04-13 16:10:16.716525,67,168.405583840797,-75.37750467311186
2026-04-13 16:11:16.716524,58,282.11821904243044,-105.88629631370094
2026-04-13 16:12:16.716523,61,83.70292326238415,-104.96179214482567
2026-04-13 16:13:16.716522,70,265.90475349706577,-70.83393779597537
2026-04-13 16:14:16.716520,59,176.11961861927225,-83.04644406919982
2026-04-13 16:15:16.716519,71,182.6996783308049,-76.12451102284189
2026-04-13 16:16:16.716518,66,234.25101004505032,-97.02682490593928
2026-04-13 16:17:16.716517,60,229.80119885665212,-82.94065001917582
2026-04-13 16:18:16.716516,66,67.59883483791788,-86.23032690765612
2026-04-13 16:19:16.716515,68,114.03569648792264,-85.87399519508212
2026-04-13 16:20:16.716514,66,257.53423607057067,-82.69870161849113
2026-04-13 16:21:16.716512,56,205.73309669363275,-86.98563307483606
2026-04-13 16:22:16.716511,60,294.63837826177854,-92.83750522789336
2026-04-13 16:23:16.716510,63,255.595370157975,-98.96309222477812
2026-04-13 16:24:16.716509,64,308.81835199949904,-79.25674676347192
2026-04-13 16:25:16.716508,67,259.0881695163995,-100.94910279987255
2026-04-13 16:26:16.716507,66,144.71040467688042,-82.30582775382344
2026-04-13 16:27:16.716506,58,83.39943573279236,-100.66668709402694
2026-04-13 16:28:16.716505,67,278.4847489334017,-84.98679320182184
2026-04-13 16:29:16.716503,68,246.24572374840542,-80.11686931483885
2026-04-13 16:30:16.716502,68,82.08143790819919,-101.25144444373844
2026-04-13 16:31:16.716501,71,174.82376946986076,-107.60226796554767
2026-04-13 16:32:16.716500,70,340.9379593143733,-104.76105028023304
2026-04-13 16:33:16.716499,68,207.0303234844703,-85.76012130915899
2026-04-13 16:34:16.716498,66,181.7250701137782,-76.02214375097057
2026-04-13 16:35:16.716497,58,166.46647629921432,-108.20012715058303
2026-04-13 16:36:16.716495,69,127.51969035598542,-80.63394963833414
2026-04-13 16:37:16.716494,68,169.71504910074813,-96.34725416199791
2026-04-13 16:38:16.716493,69,171.33576911491116,-90.8588652032191
2026-04-13 16:39:16.716492,61,74.47210678800566,-72.84561800617738
2026-04-13 16:40:16.716491,62,255.46777736521165,-96.72113981056619
2026-04-13 16:41:16.716490,73,196.3339208007326,-91.38652264242056
2026-04-13 16:42:16.716489,68,293.28824870631064,-109.45270340957276
2026-04-13 16:43:16.716488,72,317.76378494604694,-106.73605119980647
2026-04-13 16:44:16.716486,69,127.75763525746102,-99.65633635460864
2026-04-13 16:45:16.716485,69,251.67469943655192,-108.88591036715702
2026-04-13 16:46:16.716484,74,214.04478620926415,-84.74498695806996
2026-04-13 16:47:16.716483,67,302.9443871187387,-92.9440657279351
2026-04-13 16:48:16.716482,70,130.91460130354957,-88.07419189087912
2026-04-13 16:49:16.716481,67,251.16424592610025,-103.01411256414681
2026-04-13 16:50:16.716480,68,233.3425441174623,-98.16271882253535
2026-04-13 16:51:16.716479,68,150.1314899721029,-83.447021005891
2026-04-13 16:52:16.716477,71,110.84252781799562,-71.387891054784
2026-04-13 16:53:16.716476,68,246.55571858374867,-107.98332905591164
2026-04-13 16:54:16.716475,77,305.3738974634287,-74.38462716578935
2026-04-13 16:55:16.716474,66,150.81653542692084,-86.92475194755167
2026-04-13 16:56:16.716473,70,251.9232656655587,-87.44321732977505
2026-04-13 16:57:16.716472,69,178.8354889749727,-89.98885859168959
2026-04-13 16:58:16.716471,78,304.05529381423884,-107.22423656383266
2026-04-13 16:59:16.716469,72,130.89334375901603,-106.40492593055357
2026-04-13 17:00:16.716468,77,352.1009681510129,-85.96351977363656
2026-04-13 17:01:16.716467,64,139.2759743879106,-96.36165714257767
2026-04-13 17:02:16.716466,73,182.19413025900698,-73.30927733689278
2026-04-13 17:03:16.716465,77,94.91085598495559,-93.7363785056211
2026-04-13 17:04:16.716464,73,105.77856448477846,-104.26874165189436
2026-04-13 17:05:16.716463,78,239.67209575988528,-81.41124665991856
2026-04-13 17:06:16.716461,70,145.94146631980598,-98.2658631423596
2026-04-13 17:07:16.716460,80,348.6136789536589,-88.98118770576427
2026-04-13 17:08:16.716459,84,89.89272584829169,-82.08668857979319
2026-04-13 17:09:16.716458,71,180.56752598853174,-73.98943555191718
2026-04-13 17:10:16.716457,71,167.99212506593966,-78.31235220793296
2026-04-13 17:11:16.716456,81,87.43300896149294,-82.94555728509104
2026-04-13 17:12:16.716455,81,122.71356319352887,-82.81467270419427
2026-04-13 17:13:16.716454,71,190.0423024095713,-72.16301423871654
2026-04-13 17:14:16.716452,72,214.71108071973092,-98.16703610013856
2026-04-13 17:15:16.716451,73,191.319074344469,-109.9555162321525
2026-04-13 17:16:16.716450,67,212.22327814952138,-99.12181762407205
2026-04-13 17:17:16.716449,70,237.3665346064802,-101.28434481493024
2026-04-13 17:18:16.716448,69,72.71082953506478,-83.52661659544007
2026-04-13 17:19:16.716447,71,203.5482913680225,-84.65153600937884
2026-04-13 17:20:16.716446,75,364.3847416976868,-86.26154469181105
2026-04-13 17:21:16.716444,76,235.49034237381164,-109.35026227162186
2026-04-13 17:22:16.716443,83,308.9614203661678,-80.8488778219741
2026-04-13 17:23:16.716442,70,158.82018951627805,-97.05878350058035
2026-04-13 17:24:16.716441,80,330.60512147329644,-83.39776043973475
2026-04-13 17:25:16.716440,74,306.2875142290784,-87.73686285991387
2026-04-13 17:26:16.716439,75,233.88632445003617,-96.2907629828837
2026-04-13 17:27:16.716438,79,390.1655179549336,-104.61694931583568
2026-04-13 17:28:16.716437,70,106.20395569204828,-106.22324409358076
2026-04-13 17:29:16.716435,78,83.66075564904523,-76.73926667551106
2026-04-13 17:30:16.716434,77,315.810087821648,-73.26409831673769
2026-04-13 17:31:16.716431,79,334.66676122927197,-84.00847812942801
2026-04-13 17:32:16.716430,78,115.86829131804191,-105.86263540558066
2026-04-13 17:33:16.716429,89,183.94538308038082,-93.91891132447037
2026-04-13 17:34:16.716428,73,79.0268298361225,-80.8424319957937
2026-04-13 17:35:16.716427,74,161.88143287591768,-78.80716463959727
2026-04-13 17:36:16.716426,74,303.41691306255467,-105.27125510835646
2026-04-13 17:37:16.716425,74,229.11424402890518,-109.9987712461847
2026-04-13 17:38:16.716423,74,177.7112068626231,-81.51451816477581
2026-04-13 17:39:16.716422,83,207.70667805932237,-95.73615296055178
2026-04-13 17:40:16.716421,84,85.23703466404358,-99.8207467352696
2026-04-13 17:41:16.716420,74,164.76819960851523,-109.48410120841898
2026-04-13 17:42:16.716419,73,264.31799655722745,-88.38802372954001
2026-04-13 17:43:16.716418,80,393.3403869859814,-75.95397058296072
2026-04-13 17:44:16.716417,75,330.442876304984,-71.69473414909649
2026-04-13 17:45:16.716416,81,88.994065431728,-87.37020197546843
2026-04-13 17:46:16.716414,79,364.13286807288625,-89.42154689040423
2026-04-13 17:47:16.716413,70,292.40518098207633,-106.59774458043036
2026-04-13 17:48:16.716412,86,355.08307885593547,-88.045087938296
2026-04-13 17:49:16.716411,87,247.73770499412515,-94.80083684138421
2026-04-13 17:50:16.716410,75,195.73890018578706,-85.71458876465692
2026-04-13 17:51:16.716409,76,169.67862214678615,-94.45094608493812
2026-04-13 17:52:16.716408,80,101.2296246069086,-100.38803506198533
2026-04-13 17:53:16.716407,80,153.9559715003217,-106.20138899086494
2026-04-13 17:54:16.716405,82,163.23103288819794,-97.40326221644418
2026-04-13 17:55:16.716404,89,261.33667705212713,-106.1342066284899
2026-04-13 17:56:16.716403,78,311.7356936249233,-102.92412196704065
2026-04-13 17:57:16.716402,75,217.40992845178272,-70.50655365681817
2026-04-13 17:58:16.716401,72,88.96735124693188,-92.23585772373525
2026-04-13 17:59:16.716400,75,365.0091301148977,-88.72512933979934
2026-04-13 18:00:16.716399,79,377.38191227459464,-75.0552588505114
2026-04-13 18:01:16.716398,88,365.61119129481057,-70.17724398037248
2026-04-13 18:02:16.716396,76,381.28177269310214,-86.69142202621273
2026-04-13 18:03:16.716395,80,255.97608981689862,-77.50104715823313
2026-04-13 18:04:16.716394,79,385.15952253488916,-96.92235902653299
2026-04-13 18:05:16.716393,85,111.31568544451368,-97.77024170210835
2026-04-13 18:06:16.716392,92,227.07851330087482,-93.89185116021758
2026-04-13 18:07:16.716391,76,146.34185606264225,-83.09970949305404
2026-04-13 18:08:16.716390,77,137.68775675993552,-82.71233242979605
2026-04-13 18:09:16.716388,84,132.73950386279927,-97.39042261402197
2026-04-13 18:10:16.716387,83,290.12798003179836,-104.67160303453485
2026-04-13 18:11:16.716386,88,367.14014341000893,-84.70414974137967
2026-04-13 18:12:16.716385,82,274.05160307629,-104.86696551244943
2026-04-13 18:13:16.716384,78,123.89766973561565,-86.8602996708268
2026-04-13 18:14:16.716383,82,351.467051020628,-82.26311487774764
2026-04-13 18:15:16.716382,85,302.7146756712767,-81.97554014422194
2026-04-13 18:16:16.716381,84,214.42860045912425,-79.86111557361613
2026-04-13 18:17:16.716379,82,304.80098567482787,-75.08562313737342
2026-04-13 18:18:16.716378,85,173.92079161141157,-90.00164032140846
2026-04-13 18:19:16.716377,85,204.26996834428257,-80.79003241881715
2026-04-13 18:20:16.716376,86,405.7141865367739,-85.23309058536654
2026-04-13 18:21:16.716375,83,179.92672246884518,-102.5344024080927
2026-04-13 18:22:16.716374,79,227.9522622385488,-108.97241420522367
2026-04-13 18:23:16.716373,80,368.161224936699,-98.61834457292265
2026-04-13 18:24:16.716372,86,329.57253508790427,-92.27865174649523
2026-04-13 18:25:16.716370,75,94.80383244602552,-85.31576222285375
2026-04-13 18:26:16.716369,81,130.06576461092257,-76.00162677987178
2026-04-13 18:27:16.716368,78,80.47781163151248,-102.15017133175337
2026-04-13 18:28:16.716367,80,282.37363846411085,-104.97800840406092
2026-04-13 18:29:16.716366,86,241.05238882666097,-71.4608021010269
2026-04-13 18:30:16.716365,80,124.39903772322852,-105.67821762494371
2026-04-13 18:31:16.716364,80,387.48592070617786,-90.86035719571242
2026-04-13 18:32:16.716362,73,228.13007767857394,-86.57745084826793
2026-04-13 18:33:16.716361,83,164.61658704305182,-88.34502316370248
2026-04-13 18:34:16.716360,83,249.62782562124957,-106.55871371868227
2026-04-13 18:35:16.716359,90,337.3047952549684,-107.71892343985523
2026-04-13 18:36:16.716358,78,102.21996711106215,-105.78066290155857
2026-04-13 18:37:16.716357,80,169.8808283125334,-86.5764926450955
2026-04-13 18:38:16.716356,81,342.73068104863063,-88.22620449462715
2026-04-13 18:39:16.716355,87,248.8799294605087,-100.65036831853023
2026-04-13 18:40:16.716353,79,252.60794482120068,-84.48903432617634
2026-04-13 18:41:16.716352,81,221.5499415050395,-77.19729991777402
2026-04-13 18:42:16.716351,82,97.25016644872295,-108.33684160613625
2026-04-13 18:43:16.716350,80,134.00181429882196,-90.07480225807831
2026-04-13 18:44:16.716349,77,215.26150276929255,-82.4275835158924
2026-04-13 18:45:16.716348,80,147.91459182372574,-99.90752291721252
2026-04-13 18:46:16.716347,84,101.85231992769606,-97.68916378827404
2026-04-13 18:47:16.716345,74,325.1817472776721,-85.45448388042465
2026-04-13 18:48:16.716344,80,394.3814871307831,-74.08258826225052
2026-04-13 18:49:16.716343,75,316.54461880307576,-77.60302318788402
2026-04-13 18:50:16.716342,85,376.5418756360407,-86.67479123601666
2026-04-13 18:51:16.716341,71,140.97321521591402,-80.79113128971002
2026-04-13 18:52:16.716340,76,369.95857160392114,-95.40710119168806
2026-04-13 18:53:16.716339,81,144.8349012182807,-84.36137887604968
2026-04-13 18:54:16.716337,86,417.5938718393673,-91.35273635489773
2026-04-13 18:55:16.716334,78,391.7341722817377,-102.40255454169757
2026-04-13 18:56:16.716333,76,292.9697156657586,-81.93046904490971
2026-04-13 18:57:16.716332,88,434.6871765544322,-87.74141450604712
2026-04-13 18:58:16.716331,71,234.5541990456265,-95.65513672185634
2026-04-13 18:59:16.716330,67,138.0285359466229,-73.54643239685477
2026-04-13 19:00:16.716328,80,222.14444501028544,-109.16263528693067
2026-04-13 19:01:16.716327,76,256.60997420798356,-97.36907395002015
2026-04-13 19:02:16.716326,73,94.82114328173348,-107.72474408889414
2026-04-13 19:03:16.716325,81,285.90855798919705,-79.3389073511349
2026-04-13 19:04:16.716324,79,391.6551203359026,-81.91570183544829
2026-04-13 19:05:16.716322,75,132.7388753395064,-96.74591125054732
2026-04-13 19:06:16.716321,71,299.14267578991246,-82.97348391171708
2026-04-13 19:07:16.716320,82,381.6528930598154,-94.16251095216201
2026-04-13 19:08:16.716319,81,387.6977809523979,-79.74984834310263
2026-04-13 19:09:16.716318,77,374.4319984706711,-91.83265349053175
2026-04-13 19:10:16.716317,86,268.41830002813197,-93.50881088673339
2026-04-13 19:11:16.716316,72,354.9360450399909,-72.61080338046796
2026-04-13 19:12:16.716315,69,281.7237856246752,-99.96483600437199
2026-04-13 19:13:16.716313,73,121.826930048678,-105.18210640013739
2026-04-13 19:14:16.716312,77,224.19876177675505,-86.61827546962166
2026-04-13 19:15:16.716311,78,303.8370907015488,-71.22712750863285
2026-04-13 19:16:16.716310,75,151.01153683145353,-94.88643145091254
2026-04-13 19:17:16.716309,78,280.5897383831162,-107.51852945484873
2026-04-13 19:18:16.716308,70,258.9570506932193,-96.4277893076173
2026-04-13 19:19:16.716307,83,138.64902750111284,-89.76273382721766
2026-04-13 19:20:16.716305,76,248.5690596541769,-103.52307973471144
2026-04-13 19:21:16.716304,82,335.5682012007053,-83.67591127774031
2026-04-13 19:22:16.716303,78,234.01478628045498,-70.09002443959199
2026-04-13 19:23:16.716302,78,82.3682723726703,-91.93042096074225
2026-04-13 19:24:16.716301,79,81.858733813467,-95.8108577307915
2026-04-13 19:25:16.716300,78,190.03140620458592,-93.97183332662134
2026-04-13 19:26:16.716299,79,372.17889717617004,-105.39415286419195
2026-04-13 19:27:16.716297,82,157.78232650713613,-74.66905594295105
2026-04-13 19:28:16.716296,76,270.9939620292388,-93.40697377914591
2026-04-13 19:29:16.716295,79,149.236865922157,-94.50902354300635
2026-04-13 19:30:16.716294,74,171.2709384326723,-83.61238908278102
2026-04-13 19:31:16.716293,82,361.9479053408553,-92.31866316275506
2026-04-13 19:32:16.716292,71,280.6670083847382,-84.07066124768616
2026-04-13 19:33:16.716291,83,115.94880515821254,-107.5421483947685
2026-04-13 19:34:16.716290,74,202.4471214774792,-77.4510662511109
2026-04-13 19:35:16.716288,67,75.34192396410582,-72.37984188482389
2026-04-13 19:36:16.716287,75,219.59868612042237,-84.04938455362456
2026-04-13 19:37:16.716286,70,258.8217619730461,-71.81736284564758
2026-04-13 19:38:16.716285,78,115.51726514694526,-103.94270742520146
2026-04-13 19:39:16.716284,70,152.4976942826325,-90.90335242078585
2026-04-13 19:40:16.716283,71,185.59505695720765,-85.92773064218211
2026-04-13 19:41:16.716282,64,300.5437300795181,-86.73053410315254
2026-04-13 19:42:16.716280,71,354.42245301653315,-93.94152883643827
2026-04-13 19:43:16.716279,61,72.25065709343396,-96.47662362534955
2026-04-13 19:44:16.716278,65,264.0044221919347,-104.92703909798325
2026-04-13 19:45:16.716277,76,191.0859244080739,-94.33030197750887
2026-04-13 19:46:16.716276,76,197.35113950039602,-103.49356739578059
2026-04-13 19:47:16.716275,74,300.56908973828405,-80.62537294031127
2026-04-13 19:48:16.716274,67,316.35751623103675,-101.6467625802164
2026-04-13 19:49:16.716272,72,346.4016766886607,-107.65738778861865
2026-04-13 19:50:16.716271,72,238.72791792588245,-87.90535448731063
2026-04-13 19:51:16.716270,66,160.77791116996985,-86.19081069122393
2026-04-13 19:52:16.716269,79,329.2552922172917,-75.12347754877979
2026-04-13 19:53:16.716268,76,152.35261319353208,-86.92073550329272
2026-04-13 19:54:16.716267,70,229.08083182897644,-96.18076585106218
2026-04-13 19:55:16.716266,71,173.82326054906528,-77.87952473894718
2026-04-13 19:56:16.716264,72,261.57168646483217,-88.38884427250315
2026-04-13 19:57:16.716263,60,119.04851389903294,-106.82878861475233
2026-04-13 19:58:16.716262,69,122.71632027523549,-87.36597758747013
2026-04-13 19:59:16.716261,67,313.5988188073184,-73.6792581831335
2026-04-13 20:00:16.716260,65,91.91817134531404,-94.14749498007117
2026-04-13 20:01:16.716259,68,207.82302919236238,-98.146967924008
2026-04-13 20:02:16.716258,78,148.6526022098192,-104.26122171927919
2026-04-13 20:03:16.716257,72,84.3058377755562,-103.94217912258571
2026-04-13 20:04:16.716255,66,76.29664723711564,-92.68914062632724
2026-04-13 20:05:16.716254,72,122.81730656651006,-86.17280703353882
2026-04-13 20:06:16.716253,76,340.1266352840869,-106.77538379321592
2026-04-13 20:07:16.716252,73,156.6864308035372,-72.41725643899338
2026-04-13 20:08:16.716251,69,331.49837664739033,-79.79465530219215
2026-04-13 20:09:16.716250,65,217.21176740807763,-86.5350432686535
2026-04-13 20:10:16.716249,71,197.24141156558596,-76.86245316244037
2026-04-13 20:11:16.716247,70,232.7066851661927,-106.79252972751547
2026-04-13 20:12:16.716246,72,221.98651685209117,-90.92644489067503
2026-04-13 20:13:16.716245,70,285.97975640292054,-84.79627492553347
2026-04-13 20:14:16.716244,72,154.9193562460036,-76.85388375526843
2026-04-13 20:15:16.716243,64,155.81650067860917,-78.6612175980293
2026-04-13 20:16:16.716242,73,337.0200769938396,-98.91723001146401
2026-04-13 20:17:16.716241,67,324.61436360537454,-72.36479321763183
2026-04-13 20:18:16.716239,76,351.90399698006263,-105.02616634276518
2026-04-13 20:19:16.716238,62,168.5889003433293,-74.99465525515392
2026-04-13 20:20:16.716237,74,308.548989554194,-71.16239001581525
2026-04-13 20:21:16.716234,66,194.51996330128534,-102.91385907109498
2026-04-13 20:22:16.716233,62,186.83542182831968,-81.11735743184859
2026-04-13 20:23:16.716232,63,114.75666088555633,-108.38857924888006
2026-04-13 20:24:16.716231,63,214.287565747202,-93.7830869944338
2026-04-13 20:25:16.716230,67,117.21057185118735,-89.34866803209303
2026-04-13 20:26:16.716229,67,156.9135604652664,-86.77419096361464
2026-04-13 20:27:16.716227,61,272.9082228828516,-72.56251007005761
2026-04-13 20:28:16.716226,64,117.4860636314682,-83.1099725082322
2026-04-13 20:29:16.716225,74,96.1705637488605,-90.74888195123052
2026-04-13 20:30:16.716224,72,92.58506447982099,-77.61299854936442
2026-04-13 20:31:16.716223,65,313.74028742304085,-71.97868716182364
2026-04-13 20:32:16.716222,63,192.69121307923547,-109.11735405270836
2026-04-13 20:33:16.716221,63,168.3310729867839,-70.69914910975845
2026-04-13 20:34:16.716220,66,280.2857011480749,-106.55471443745279
2026-04-13 20:35:16.716218,57,250.31392661398627,-77.42452882924954
2026-04-13 20:36:16.716217,61,142.57063465160184,-98.78660989794349
2026-04-13 20:37:16.716216,53,203.5457834926014,-104.71281368984513
2026-04-13 20:38:16.716215,64,261.51549976768774,-92.4057744114466
2026-04-13 20:39:16.716214,65,235.30279288209152,-84.24173682209546
2026-04-13 20:40:16.716213,59,94.98945891399939,-94.761926199061
2026-04-13 20:41:16.716212,69,311.5374611815741,-107.81738366869205
2026-04-13 20:42:16.716210,54,173.39371886994485,-86.02155441365133
2026-04-13 20:43:16.716209,53,113.94358459505453,-73.90386895557302
2026-04-13 20:44:16.716208,61,166.63762967372398,-94.67138536210993
2026-04-13 20:45:16.716207,65,75.4177608470346,-101.34668889476691
2026-04-13 20:46:16.716206,68,103.53889196759097,-92.29690616268738
2026-04-13 20:47:16.716205,57,233.74254032492388,-108.06549155804876
2026-04-13 20:48:16.716204,64,64.98403473524128,-77.180496620789
2026-04-13 20:49:16.716202,59,157.7000349050871,-76.94636756199253
2026-04-13 20:50:16.716201,58,179.92240589733174,-86.47998146281486
2026-04-13 20:51:16.716200,63,77.08222561985292,-95.87588444246443
2026-04-13 20:52:16.716199,61,302.5924982854646,-78.00866542216866
2026-04-13 20:53:16.716198,50,96.09293015664792,-87.81251900846532
2026-04-13 20:54:16.716197,65,145.12996611876684,-76.96270765799935
2026-04-13 20:55:16.716196,64,143.4346434047588,-84.74164829667917
2026-04-13 20:56:16.716194,54,104.63875137569258,-78.62378107148811
2026-04-13 20:57:16.716193,59,59.654767926586665,-86.0574802712896
2026-04-13 20:58:16.716192,59,233.2484131172586,-93.43435727137336
2026-04-13 20:59:16.716191,58,282.8937388988348,-71.6821656029545
2026-04-13 21:00:16.716190,53,102.08698282755279,-88.35544700484621
2026-04-13 21:01:16.716189,52,193.3744544845987,-85.79641925837846
2026-04-13 21:02:16.716188,55,221.87345032250474,-101.18049442341002
2026-04-13 21:03:16.716187,61,270.8985900814896,-84.97396842290894
2026-04-13 21:04:16.716185,58,156.73123158988946,-87.13569402068225
2026-04-13 21:05:16.716184,53,118.16010356929068,-102.606464082119
2026-04-13 21:06:16.716183,58,135.4887119647174,-107.61651610587425
2026-04-13 21:07:16.716182,40,156.01485754997012,-85.82562721140916
2026-04-13 21:08:16.716181,60,257.0765012013076,-79.45230922598718
2026-04-13 21:09:16.716180,45,78.63031689043571,-89.06394516311967
2026-04-13 21:10:16.716179,52,129.58097868516575,-100.92909498721417
2026-04-13 21:11:16.716177,48,221.74967004253622,-83.3391209322786
2026-04-13 21:12:16.716176,46,198.61655570524567,-106.7957709356159
2026-04-13 21:13:16.716175,59,291.46257944950264,-92.32665180792182
2026-04-13 21:14:16.716174,50,203.27609677760137,-103.46532966406319
2026-04-13 21:15:16.716173,54,139.99592126210004,-102.62163795760466
2026-04-13 21:16:16.716172,52,175.47840595487756,-101.90824203367185
2026-04-13 21:17:16.716171,54,198.7639267160239,-94.53171771824088
2026-04-13 21:18:16.716169,52,68.68957776558244,-107.9539917751841
2026-04-13 21:19:16.716168,45,143.7137243235462,-94.08826236283608
2026-04-13 21:20:16.716167,56,216.2549140385533,-89.53170211541197
2026-04-13 21:21:16.716166,48,81.20134787296281,-90.668228601347
2026-04-13 21:22:16.716165,43,177.55070010700192,-94.68863598387838
2026-04-13 21:23:16.716164,48,161.58131028484732,-76.4341356771699
2026-04-13 21:24:16.716163,57,278.1040464204568,-104.18693230317983
2026-04-13 21:25:16.716161,54,63.53354467627612,-89.77213024874504
2026-04-13 21:26:16.716160,48,99.06682178710577,-107.51834332173783
2026-04-13 21:27:16.716159,47,162.8009631243851,-107.1537728448836
2026-04-13 21:28:16.716158,47,104.22120396977643,-87.04536601291615
2026-04-13 21:29:16.716157,59,229.15291220645784,-87.35926300448716
2026-04-13 21:30:16.716156,50,204.48752428697293,-74.87865948622172
2026-04-13 21:31:16.716155,50,71.41190648458462,-87.68505297359707
2026-04-13 21:32:16.716154,53,163.11063235965563,-71.60835918380599
2026-04-13 21:33:16.716152,49,149.24384219489647,-108.0522060640028
2026-04-13 21:34:16.716151,46,114.9748819983229,-106.07969260877036
2026-04-13 21:35:16.716150,46,219.867963635034,-108.23736553718474
2026-04-13 21:36:16.716149,46,201.83774807265235,-102.5889259866584
2026-04-13 21:37:16.716148,46,177.09408207369893,-88.34919556233288
2026-04-13 21:38:16.716147,50,194.04096933513875,-84.17711274290288
2026-04-13 21:39:16.716145,46,132.85217004491645,-108.17659368205325
2026-04-13 21:40:16.716144,49,233.30732082880547,-72.16116440617603
2026-04-13 21:41:16.716143,45,171.85292294982276,-76.31338493398476
2026-04-13 21:42:16.716142,46,180.213262577683,-98.13550071371628
2026-04-13 21:43:16.716141,35,157.31505607359313,-106.91249879094129
2026-04-13 21:44:16.716140,49,104.16742182315772,-103.2045170712377
2026-04-13 21:45:16.716139,46,196.97004698282046,-104.9222234498011
2026-04-13 21:46:16.716135,49,88.30659607893978,-105.06864882804213
2026-04-13 21:47:16.716134,29,71.09532698860204,-89.25753245337064
2026-04-13 21:48:16.716133,54,127.71210168004869,-100.16610230026399
2026-04-13 21:49:16.716131,43,211.9182216356931,-95.67441133883422
2026-04-13 21:50:16.716130,49,217.35596216543266,-70.41978666462711
2026-04-13 21:51:16.716129,38,145.00074805248983,-82.6274300429862
2026-04-13 21:52:16.716128,46,180.24521194721632,-72.04077331811995
2026-04-13 21:53:16.716127,37,121.92099419852696,-104.29773779867537
2026-04-13 21:54:16.716126,39,188.79590498067344,-94.71442100669722
2026-04-13 21:55:16.716125,51,154.81463969709608,-87.81072786870583
2026-04-13 21:56:16.716124,41,103.62465540464171,-106.92967752445048
2026-04-13 21:57:16.716122,42,70.83625729570957,-109.83250225488169
2026-04-13 21:58:16.716121,45,190.19321285988883,-83.1826266481233
2026-04-13 21:59:16.716120,43,172.33279142475223,-84.32721932794259
2026-04-13 22:00:16.716119,41,106.03201115176164,-93.56844760001553
2026-04-13 22:01:16.716118,42,46.90437697126682,-90.4142369587187
2026-04-13 22:02:16.716117,52,228.92328411261724,-93.38227997631641
2026-04-13 22:03:16.716116,40,41.827159970845045,-109.03979820620445
2026-04-13 22:04:16.716114,41,156.58361284065603,-96.58513575130151
2026-04-13 22:05:16.716113,45,219.87761149557167,-102.9167097841084
2026-04-13 22:06:16.716112,45,123.98750687253421,-106.06303243594525
2026-04-13 22:07:16.716111,45,87.75718800361473,-71.73118264442601
2026-04-13 22:08:16.716110,42,161.3819621795954,-86.02561099831337
2026-04-13 22:09:16.716109,33,141.28820291255482,-80.85374863053589
2026-04-13 22:10:16.716108,46,148.89940665866777,-97.3854502693553
2026-04-13 22:11:16.716106,32,158.69626694775644,-94.27411482023939
2026-04-13 22:12:16.716105,39,47.78788321196804,-100.52304024413107
2026-04-13 22:13:16.716104,34,102.88890074424803,-106.121373161383
2026-04-13 22:14:16.716103,37,144.45466561614757,-102.83873450233665
2026-04-13 22:15:16.716102,39,173.6449080801105,-78.09943818814057
2026-04-13 22:16:16.716101,38,66.52125505468868,-82.89816779264896
2026-04-13 22:17:16.716099,39,163.8377389297462,-88.12284496058092
2026-04-13 22:18:16.716098,44,143.62879400623405,-90.99640508532929
2026-04-13 22:19:16.716097,38,100.08025957921578,-73.10262865375502
2026-04-13 22:20:16.716096,34,53.40346168825182,-107.09060208885326
2026-04-13 22:21:16.716095,40,181.9500023102917,-98.77596747048337
2026-04-13 22:22:16.716094,41,67.90231411321514,-96.00248585717144
2026-04-13 22:23:16.716093,29,65.75436394629992,-78.70296751148848
2026-04-13 22:24:16.716091,38,82.65284538070185,-70.29941519352116
2026-04-13 22:25:16.716090,38,172.9361994243046,-100.37317940971388
2026-04-13 22:26:16.716089,33,123.02556649151397,-75.02770663451678
2026-04-13 22:27:16.716088,41,173.63979169799924,-76.77508958272836
2026-04-13 22:28:16.716087,33,67.30464820506357,-101.01370409432934
2026-04-13 22:29:16.716086,34,121.69848245984633,-94.02669679203109
2026-04-13 22:30:16.716085,33,108.67078855265336,-93.61308522829924
2026-04-13 22:31:16.716083,33,146.32767147662545,-70.87117325893766
2026-04-13 22:32:16.716082,28,129.504836323609,-102.76432394484407
2026-04-13 22:33:16.716081,26,27.335638711886276,-78.03368115580872
2026-04-13 22:34:16.716080,41,151.62795630759368,-96.63229143307561
2026-04-13 22:35:16.716076,28,34.53139821569992,-80.76518616895359
2026-04-13 22:36:16.716073,27,88.40100020437667,-93.19955982817348
2026-04-13 22:37:16.716069,21,46.54159267843598,-86.8656094753384
2026-04-13 22:38:16.716066,29,64.59167004780367,-76.69552906695475
2026-04-13 22:39:16.716063,25,61.19228659074161,-77.83337740064464
2026-04-13 22:40:16.716061,39,139.36634969488446,-75.34307265841198
2026-04-13 22:41:16.716060,36,85.55160141340443,-107.61530698621364
2026-04-13 22:42:16.716058,27,109.76406611120514,-82.3179778784102
2026-04-13 22:43:16.716057,42,111.06666331655539,-104.40050493112949
2026-04-13 22:44:16.716056,35,45.67216760110312,-93.36725727926355
2026-04-13 22:45:16.716055,29,120.45892973578897,-88.05646339781246
2026-04-13 22:46:16.716053,18,38.69922790271529,-93.89042061012677
2026-04-13 22:47:16.716049,41,114.18904869208826,-89.2155329678797
2026-04-13 22:48:16.716046,23,86.85150393366284,-70.13894764805524
2026-04-13 22:49:16.716043,21,50.64207407733885,-104.59130745148582
2026-04-13 22:50:16.716039,34,42.77735815884453,-82.98175818654298
2026-04-13 22:51:16.716036,41,104.2579478557435,-94.1599613445754
2026-04-13 22:52:16.716034,36,173.46633953427872,-104.67960804370685
2026-04-13 22:53:16.716031,32,114.19700364387256,-103.65052946502762
2026-04-13 22:54:16.716028,31,117.8818339819875,-72.02907575017532
2026-04-13 22:55:16.716027,33,116.77405538220455,-74.81594013152952
2026-04-13 22:56:16.716026,32,58.24588260576482,-73.71832158339913
2026-04-13 22:57:16.716024,29,79.82489179140768,-70.33868896690454
2026-04-13 22:58:16.716020,28,115.28120019492543,-101.66738439965928
2026-04-13 22:59:16.716017,27,39.043792234281085,-95.78242650543753
2026-04-13 23:00:16.716013,24,50.978874504988205,-83.23123880300534
2026-04-13 23:01:16.716010,26,55.44129001900184,-90.64789840557411
2026-04-13 23:02:16.716007,19,52.10154804573035,-93.26441866486667
2026-04-13 23:03:16.716004,26,132.37938268230667,-95.68755002657628
2026-04-13 23:04:16.716001,22,28.290407222359114,-86.24877472226191
2026-04-13 23:05:16.715998,21,66.20407774981516,-86.97626285439672
2026-04-13 23:06:16.715985,27,47.712264013802425,-103.5416866374304
2026-04-13 23:07:16.715969,33,164.4261089390537,-91.13040649926243
2026-04-13 23:08:16.715966,31,45.25667887578438,-87.861128951606
2026-04-13 23:09:16.715963,18,48.460271016350646,-87.18852245074439
2026-04-13 23:10:16.715960,21,84.08691085025885,-101.59571228350593
2026-04-13 23:11:16.715955,30,117.49659816812633,-80.30914430990853
2026-04-13 23:12:16.715952,20,56.50722629092108,-108.99203620715721
2026-04-13 23:13:16.715949,24,58.77743701179994,-95.80672577827349
2026-04-13 23:14:16.715946,28,73.44789819280504,-78.79149405857466
2026-04-13 23:15:16.715943,20,42.39659063386811,-87.4442831577839
2026-04-13 23:16:16.715941,25,47.04277498548051,-99.5535026995656
2026-04-13 23:17:16.715938,18,54.19803391258264,-82.20187522627809
2026-04-13 23:18:16.715935,22,45.633910841913675,-87.30436223375706
2026-04-13 23:19:16.715932,26,56.89181356266612,-78.15025562174452
2026-04-13 23:20:16.715929,16,60.779006746550955,-80.59899255240707
2026-04-13 23:21:16.715926,26,130.55156706823166,-85.59568311855061
2026-04-13 23:22:16.715923,24,83.12969400563544,-90.47289298756743
2026-04-13 23:23:16.715920,27,35.40551225684828,-104.67271497329907
2026-04-13 23:24:16.715918,25,32.93991506464523,-99.54667928458466
2026-04-13 23:25:16.715915,30,148.31232937621658,-93.23602108331659
2026-04-13 23:26:16.715912,24,53.71525661647375,-86.02802851974445
2026-04-13 23:27:16.715909,21,29.60302497943056,-89.4516857913878
2026-04-13 23:28:16.715906,24,82.41701406264126,-98.47261896161882
2026-04-13 23:29:16.715903,26,91.72699440514451,-109.74142568841158
2026-04-13 23:30:16.715901,23,85.01201171983398,-90.15043112396745
2026-04-13 23:31:16.715898,23,48.61947570163685,-98.57496045751027
2026-04-13 23:32:16.715895,19,20.84931358756472,-80.6156679715786
2026-04-13 23:33:16.715892,19,95.93860268232545,-109.04214938918066
2026-04-13 23:34:16.715889,15,31.911964876279637,-86.60688754776837
2026-04-13 23:35:16.715886,31,116.96216030733325,-72.34103049975738
2026-04-13 23:36:16.715883,16,63.134315398918496,-103.02362931554002
2026-04-13 23:37:16.715880,19,65.86283576600495,-91.13402036997618
2026-04-13 23:38:16.715877,18,42.584293869962316,-106.34312032731447
2026-04-13 23:39:16.715873,26,56.01903061366546,-84.97272350954589
2026-04-13 23:40:16.715860,20,70.60926390023772,-87.97873277615098
2026-04-13 23:41:16.715859,28,126.96028286994863,-93.7053790314867
2026-04-13 23:42:16.715858,18,89.6828167310094,-89.14491914105035
2026-04-13 23:43:16.715857,23,33.31571231195751,-74.13701366123959
2026-04-13 23:44:16.715855,17,28.72211240887536,-102.14822790755731
2026-04-13 23:45:16.715854,32,155.54835952525403,-109.09741953178612
2026-04-13 23:46:16.715853,15,62.33358901881116,-75.53340461203595
2026-04-13 23:47:16.715852,23,105.12589000884192,-86.91531670448374
2026-04-13 23:48:16.715851,24,44.77754567077957,-74.3736617815263
2026-04-13 23:49:16.715850,23,78.89880659213563,-86.1221910634731
2026-04-13 23:50:16.715849,20,77.89391830476664,-77.59355640161189
2026-04-13 23:51:16.715848,20,76.9134109649159,-92.81306546579408
2026-04-13 23:52:16.715847,21,56.5102081111103,-80.00560274846924
2026-04-13 23:53:16.715846,20,21.696344639227053,-73.47834132440576
2026-04-13 23:54:16.715844,25,86.36031991012308,-87.11508145111175
2026-04-13 23:55:16.715843,32,64.56755257170816,-102.76859397750482
2026-04-13 23:56:16.715842,18,50.91592195973975,-99.24809539879207
2026-04-13 23:57:16.715841,14,67.87229003959446,-102.05421692410377
2026-04-13 23:58:16.715840,20,52.951693429371616,-100.12571889617068
2026-04-13 23:59:16.715839,33,146.80019203878547,-97.74338202595854
2026-04-14 00:00:16.715838,16,29.29598929244593,-87.79464852987246
2026-04-14 00:01:16.715837,28,106.48476223937965,-86.48033482144669
2026-04-14 00:02:16.715836,28,142.3237184253722,-92.94001011032556
2026-04-14 00:03:16.715834,17,25.041103860558398,-85.38316880716658
2026-04-14 00:04:16.715833,23,24.13116830718115,-106.73700297554537
2026-04-14 00:05:16.715832,28,78.21305671883961,-106.4884705176736
2026-04-14 00:06:16.715831,18,25.384149308033482,-103.12682158569366
2026-04-14 00:07:16.715830,19,77.30332071435156,-89.2769000783862
2026-04-14 00:08:16.715829,17,81.17574158946478,-101.44021285206746
2026-04-14 00:09:16.715828,15,41.65183732396318,-98.6686238602969
2026-04-14 00:10:16.715827,17,34.62274722236415,-93.98748655308023
2026-04-14 00:11:16.715826,14,38.622894354835296,-77.52535503958481
2026-04-14 00:12:16.715825,20,79.30584739390204,-109.4455145634856
2026-04-14 00:13:16.715823,16,16.9091370867181,-84.0248471905351
2026-04-14 00:14:16.715822,21,71.5563816302929,-83.24493875837258
2026-04-14 00:15:16.715821,12,42.60418146921426,-78.05376878573455
2026-04-14 00:16:16.715820,21,77.22745225403592,-72.68988243758747
2026-04-14 00:17:16.715819,24,47.71261831203153,-109.1944860420284
2026-04-14 00:18:16.715818,10,38.906754052512774,-103.84865177947135
2026-04-14 00:19:16.715817,21,29.9239017496643,-74.55314823776027
2026-04-14 00:20:16.715816,26,47.02671705372439,-91.65925751251939
2026-04-14 00:21:16.715815,13,63.00869528581066,-87.41637444266146
2026-04-14 00:22:16.715814,28,112.21624995884385,-83.4789118510741
2026-04-14 00:23:16.715812,22,23.315381626527255,-82.8373358201745
2026-04-14 00:24:16.715811,16,32.84576346529479,-72.73038386733967
2026-04-14 00:25:16.715810,19,36.63456141741749,-70.12202330353321
2026-04-14 00:26:16.715809,22,47.481934508273326,-81.19370156276239
2026-04-14 00:27:16.715808,20,40.56912976318841,-98.51115163179396
2026-04-14 00:28:16.715807,22,28.38143117264183,-74.80990390822626
2026-04-14 00:29:16.715806,15,43.70988868449618,-108.03116341836953
2026-04-14 00:30:16.715805,20,82.05425759284401,-100.75676588502014
2026-04-14 00:31:16.715804,12,44.450330913770046,-74.10457130145141
2026-04-14 00:32:16.715803,19,71.97631470065694,-99.7523394224258
2026-04-14 00:33:16.715801,15,20.599298544682128,-101.17395761513006
2026-04-14 00:34:16.715800,16,78.8774108251821,-104.47498827439011
2026-04-14 00:35:16.715797,26,114.47427072565473,-75.63552969412333
2026-04-14 00:36:16.715795,25,108.0063606682931,-89.99766963235653
2026-04-14 00:37:16.715794,23,99.60231561843804,-83.00427187783382
2026-04-14 00:38:16.715793,14,69.67516205921318,-100.43734463699882
2026-04-14 00:39:16.715792,18,59.21292863579593,-79.67838315955134
2026-04-14 00:40:16.715791,26,47.402519637909954,-79.59977820151606
2026-04-14 00:41:16.715790,20,72.79735775733423,-97.496079003668
2026-04-14 00:42:16.715789,31,126.7782699024997,-93.5726946795887
2026-04-14 00:43:16.715787,22,88.24608748920944,-101.61238890279196
2026-04-14 00:44:16.715786,21,65.93376465804636,-70.93755906708382
2026-04-14 00:45:16.715785,18,24.08203212727948,-84.17589691766354
2026-04-14 00:46:16.715784,21,52.58292314688607,-72.61824477137938
2026-04-14 00:47:16.715783,19,92.64680788028764,-97.86457825483467
2026-04-14 00:48:16.715782,24,80.56477713234527,-78.72436348012441
2026-04-14 00:49:16.715781,25,80.19920295157468,-79.36565424461031
2026-04-14 00:50:16.715780,16,34.81524091910266,-82.33377392533833
2026-04-14 00:51:16.715778,14,34.896458943817805,-71.37444098932798
2026-04-14 00:52:16.715777,11,53.33368207330673,-94.25778655574737
2026-04-14 00:53:16.715776,23,85.87041446025871,-104.77130705640971
2026-04-14 00:54:16.715775,15,64.03529351858653,-83.13164563023757
2026-04-14 00:55:16.715774,10,28.88019406475887,-80.82760798091175
2026-04-14 00:56:16.715773,23,81.07692003572316,-86.9975770616474
2026-04-14 00:57:16.715771,33,67.02210251318753,-101.72728427466416
2026-04-14 00:58:16.715770,21,81.01340586351174,-89.82176233322579
2026-04-14 00:59:16.715769,25,69.10329225362892,-97.51241053723483
2026-04-14 01:00:16.715768,21,60.36148226456865,-92.90133887333243
2026-04-14 01:01:16.715767,20,75.41994529446872,-84.19125696621344
2026-04-14 01:02:16.715766,26,124.02529920485398,-80.19141029236661
2026-04-14 01:03:16.715765,20,25.33989732410256,-100.71101236394628
2026-04-14 01:04:16.715763,23,99.08773361985381,-93.78698557412187
2026-04-14 01:05:16.715762,23,50.78660483596258,-99.23353716033483
2026-04-14 01:06:16.715761,18,51.4903108113752,-102.05473544552524
2026-04-14 01:07:16.715760,26,29.305525770309707,-78.66451120016646
2026-04-14 01:08:16.715759,21,46.73652985399394,-73.62989222252031
2026-04-14 01:09:16.715758,18,55.38312037983102,-95.19071257261693
2026-04-14 01:10:16.715757,24,30.56466810350543,-79.94884302504933
2026-04-14 01:11:16.715756,17,53.01205391522313,-74.12018842542355
2026-04-14 01:12:16.715754,22,106.50244606570195,-76.15503157879074
2026-04-14 01:13:16.715753,22,32.03981071972423,-102.68746445843097
2026-04-14 01:14:16.715752,28,114.10739697779223,-71.74832473946555
2026-04-14 01:15:16.715751,25,66.42695047318776,-94.9329423828215
2026-04-14 01:16:16.715750,22,82.50553852654794,-96.43037355304655
2026-04-14 01:17:16.715748,27,55.33987319389287,-107.50274690888878
2026-04-14 01:18:16.715747,30,49.290919962754174,-90.55305383580468
2026-04-14 01:19:16.715746,26,42.76767040861882,-105.63945537436285
2026-04-14 01:20:16.715745,23,30.037716508968423,-100.05840716290297
2026-04-14 01:21:16.715744,16,29.52257044614939,-97.32229512930874
2026-04-14 01:22:16.715743,18,66.91810895900906,-77.64694706033264
2026-04-14 01:23:16.715741,22,100.60517590272818,-74.98045398416414
2026-04-14 01:24:16.715740,20,88.66693226466043,-97.90134730154121
2026-04-14 01:25:16.715739,23,86.30718262098502,-75.65207515021704
2026-04-14 01:26:16.715738,24,35.21187679932553,-75.71076250520835
2026-04-14 01:27:16.715737,26,58.06486864682237,-79.41396198460507
2026-04-14 01:28:16.715736,24,53.869511875983385,-104.13219543939275
2026-04-14 01:29:16.715735,26,53.955130049298035,-82.38708612397085
2026-04-14 01:30:16.715733,25,76.52931000944983,-72.19903741677726
2026-04-14 01:31:16.715732,14,46.98007803606055,-82.69838084931372
2026-04-14 01:32:16.715731,20,49.21944152331276,-96.73532603568664
2026-04-14 01:33:16.715730,24,58.9226886943154,-89.97682730276675
2026-04-14 01:34:16.715729,19,82.9034262542569,-84.17099826595785
2026-04-14 01:35:16.715728,28,118.12024298607571,-89.57718365085987
2026-04-14 01:36:16.715727,33,74.11718427726525,-105.20188233076121
2026-04-14 01:37:16.715725,31,148.08861361363506,-97.51743821391918
2026-04-14 01:38:16.715724,24,119.34573898005733,-77.90415877785469
2026-04-14 01:39:16.715723,33,77.24420021867896,-75.5432781561793
2026-04-14 01:40:16.715722,26,65.1113460275213,-104.5079986913772
2026-04-14 01:41:16.715721,24,74.54362172349614,-71.90452990405102
2026-04-14 01:42:16.715720,23,111.6941681484983,-96.84709528605563
2026-04-14 01:43:16.715719,25,113.35999115020158,-83.5074504507712
2026-04-14 01:44:16.715718,24,35.11392833193739,-79.92699416173275
2026-04-14 01:45:16.715716,27,71.62349148887047,-77.52215061448467
2026-04-14 01:46:16.715715,27,89.91008268223372,-72.17001191096278
2026-04-14 01:47:16.715714,27,82.42959487476566,-97.4832180788471
2026-04-14 01:48:16.715713,29,52.738619510683215,-75.65974181793783
2026-04-14 01:49:16.715712,33,149.2343352414923,-104.73252386255172
2026-04-14 01:50:16.715711,32,120.9389935579015,-81.79836374585629
2026-04-14 01:51:16.715710,20,89.7447796132503,-80.32089081944056
2026-04-14 01:52:16.715708,15,68.55498388971506,-82.89107035194718
2026-04-14 01:53:16.715707,33,132.1015756918481,-99.90741055459388
2026-04-14 01:54:16.715706,21,59.979220291626746,-75.07827411939186
2026-04-14 01:55:16.715705,27,95.18127180993342,-103.2456614651842
2026-04-14 01:56:16.715704,23,37.935181277206695,-107.85460833916676
2026-04-14 01:57:16.715703,20,74.40456346990396,-81.30140037552351
2026-04-14 01:58:16.715701,32,55.022022275150555,-90.98097139069066
2026-04-14 01:59:16.715700,33,125.82615809044952,-76.03607920165297
2026-04-14 02:00:16.715699,26,51.48647990630748,-94.66411435766965
2026-04-14 02:01:16.715695,16,24.933968671812483,-103.26885645969149
2026-04-14 02:02:16.715694,27,45.48007922097028,-76.54231230120521
2026-04-14 02:03:16.715693,32,32.52310542698125,-88.04361473439712
2026-04-14 02:04:16.715692,23,89.55338006313305,-102.43216830438581
2026-04-14 02:05:16.715691,31,124.26203887460538,-81.18464005654218
2026-04-14 02:06:16.715690,30,94.33162995851185,-89.55545446041998
2026-04-14 02:07:16.715688,34,55.954916924914976,-85.8274807103872
2026-04-14 02:08:16.715687,31,42.576878884873445,-91.56406647173672
2026-04-14 02:09:16.715686,26,28.693364897912293,-76.85164064727974
2026-04-14 02:10:16.715684,37,62.71011020425383,-76.817491372678
2026-04-14 02:11:16.715683,31,142.11478266164386,-81.62444712702455
2026-04-14 02:12:16.715682,32,62.93267972976563,-105.7839449041415
2026-04-14 02:13:16.715681,27,66.92790045901928,-76.44584552383725
2026-04-14 02:14:16.715680,30,43.14176418060239,-83.15948077868362
2026-04-14 02:15:16.715679,28,53.58138410888731,-82.11903335982802
2026-04-14 02:16:16.715678,32,98.86916823252278,-95.48068638384514
2026-04-14 02:17:16.715677,41,143.32189725104348,-74.82881775371973
2026-04-14 02:18:16.715675,26,52.65044568599616,-80.9851359906057
2026-04-14 02:19:16.715674,25,31.490789404516267,-105.49638133883222
2026-04-14 02:20:16.715673,41,105.7111690854925,-93.6888786237535
2026-04-14 02:21:16.715672,33,64.0038038515241,-74.54478552159433
2026-04-14 02:22:16.715671,30,58.16816687284631,-108.11213193210484
2026-04-14 02:23:16.715670,39,192.31356588226566,-71.54333521431802
2026-04-14 02:24:16.715669,31,109.97237744197797,-82.8334972672175
2026-04-14 02:25:16.715667,44,142.39983165052854,-84.74496089426493
2026-04-14 02:26:16.715666,38,102.81586531820655,-99.17762974048034
2026-04-14 02:27:16.715665,33,89.63946214497655,-100.04832845043292
2026-04-14 02:28:16.715664,46,146.99021916872366,-72.31767122045619
2026-04-14 02:29:16.715663,32,124.46795079251403,-98.06910183063509
2026-04-14 02:30:16.715662,39,151.7688260538265,-78.97978813124003
2026-04-14 02:31:16.715661,37,63.87481136555678,-94.27512807171684
2026-04-14 02:32:16.715659,43,129.36187521328685,-104.42983716861184
2026-04-14 02:33:16.715658,44,118.22020629580636,-109.57138809218564
2026-04-14 02:34:16.715657,37,166.8971750247933,-88.22970651938996
2026-04-14 02:35:16.715656,33,118.27273637471774,-70.9688472580427
2026-04-14 02:36:16.715655,39,124.73412797886681,-95.23455224763183
2026-04-14 02:37:16.715654,34,50.28027099553182,-95.7123066402782
2026-04-14 02:38:16.715652,48,164.6131722151958,-96.23633528602232
2026-04-14 02:39:16.715651,38,57.214833252090884,-89.17824650780567
2026-04-14 02:40:16.715650,36,86.16745855890349,-92.37340466302825
2026-04-14 02:41:16.715649,39,62.34839141546195,-74.80341493091942
2026-04-14 02:42:16.715648,32,121.57292129719268,-89.77916833106039
2026-04-14 02:43:16.715647,34,62.75064920087328,-89.68968647245725
2026-04-14 02:44:16.715646,45,116.789808801718,-104.46513621117774
2026-04-14 02:45:16.715644,36,167.0306123028684,-70.69041836358457
2026-04-14 02:46:16.715643,34,63.140075448211306,-100.00108436524681
2026-04-14 02:47:16.715642,42,130.06869920211372,-107.06543730161589
2026-04-14 02:48:16.715641,46,124.22484545218508,-83.47415004099165
2026-04-14 02:49:16.715640,44,47.530914998795176,-86.1853451937251
2026-04-14 02:50:16.715639,45,191.67141999297593,-93.39417384029016
2026-04-14 02:51:16.715638,37,47.77898542235495,-93.11231064477288
2026-04-14 02:52:16.715637,34,99.55531296724703,-78.59744315814275
2026-04-14 02:53:16.715635,49,159.64509786718324,-102.17149439601404
2026-04-14 02:54:16.715634,40,141.82727436586106,-77.18986724220441
2026-04-14 02:55:16.715633,40,153.84544749748082,-84.05011544419928
2026-04-14 02:56:16.715632,49,98.89194181893582,-93.24120904881903
2026-04-14 02:57:16.715631,45,47.33542831620091,-91.67885533664526
2026-04-14 02:58:16.715630,45,176.27624656297797,-99.73411171255617
2026-04-14 02:59:16.715628,54,169.92768977375718,-79.915426692121
2026-04-14 03:00:16.715627,40,175.01605104314618,-89.48501030778928
2026-04-14 03:01:16.715626,48,207.41041191253808,-97.16581829000626
2026-04-14 03:02:16.715625,44,193.73707868601244,-86.15799536956199
2026-04-14 03:03:16.715624,45,134.12467369824273,-70.17062191794707
2026-04-14 03:04:16.715623,52,121.79512169856976,-92.58950881373785
2026-04-14 03:05:16.715621,47,197.1717594985886,-73.17234396885522
2026-04-14 03:06:16.715620,47,133.90970673696302,-96.19932640301735
2026-04-14 03:07:16.715618,50,87.84359448743162,-107.81069172300056
2026-04-14 03:08:16.715617,43,193.31695137270503,-101.83031574526285
2026-04-14 03:09:16.715616,41,188.5751883317775,-93.25219426689263
2026-04-14 03:10:16.715615,40,117.06639644122058,-101.21460285621724
2026-04-14 03:11:16.715614,36,47.56467840256753,-109.99091847126978
2026-04-14 03:12:16.715612,56,145.1247981757781,-73.39993849009892
2026-04-14 03:13:16.715611,41,174.2379901928379,-76.24482355076285
2026-04-14 03:14:16.715610,46,212.00182688466379,-80.30831074052212
2026-04-14 03:15:16.715609,45,83.43798485955594,-103.28741617415885
2026-04-14 03:16:16.715608,49,62.357113451094264,-105.18545695160056
2026-04-14 03:17:16.715607,51,234.4191786582191,-107.29581002110467
2026-04-14 03:18:16.715605,52,134.19738813743905,-81.03883244908315
2026-04-14 03:19:16.715604,45,144.1430733231808,-72.84768157248459
2026-04-14 03:20:16.715603,47,233.16167548196546,-92.77856716347853
2026-04-14 03:21:16.715602,50,63.77536759664207,-105.23437312015807
2026-04-14 03:22:16.715600,47,172.37173975083317,-89.50428717071574
2026-04-14 03:23:16.715599,57,74.56083086225595,-96.0467237016548
2026-04-14 03:24:16.715597,52,130.58014086192708,-95.00700302600009
2026-04-14 03:25:16.715589,53,226.25140703626641,-85.14677503377172
